Time,Manipulability,Error
8.1e-08,87.7887,1.41873
0.100746,87.3253,1.41851
0.200726,86.4897,1.41173
0.300878,85.0641,1.39122
0.400824,83.0029,1.37182
0.501158,80.406,1.35332
0.600814,77.4436,1.31598
0.701015,74.2626,1.27055
0.801049,70.9603,1.22944
0.904727,67.5123,1.19134
1.00611,64.1127,1.15705
1.10686,60.708,1.12548
1.20686,57.3852,1.09697
1.30786,54.0483,1.06992
1.4078,50.7664,1.04474
1.51033,47.4343,1.0207
1.60983,44.2768,0.998622
1.71033,41.6556,0.981557
1.81094,39.6824,0.970413
1.91221,38.1148,0.963347
2.01195,36.91,0.959971
2.11293,35.8641,0.958233
2.2129,34.9689,0.957203
2.31388,34.2858,0.958186
2.4149,33.6443,0.959175
2.51494,33.0015,0.959708
2.61593,32.3988,0.960447
2.72695,31.8026,0.960827
2.8289,31.2953,0.961214
2.933,32.602,1.03659
3.03293,39.2272,1.02377
3.13295,45.1187,1.01814
3.23297,50.358,1.016
3.33498,55.3942,1.01527
3.43503,59.9462,1.01513
3.53499,64.1395,1.01499
3.6369,68.1547,1.01461
3.73799,71.7468,1.01399
3.84494,75.2703,1.013
3.94502,78.2062,1.01175
4.04501,80.7843,1.01044
4.14531,82.9859,1.00915
4.24502,84.7487,1.0079
4.34516,86.1248,1.00673
4.44514,87.0832,1.00568
4.54511,87.6485,1.00475
4.64538,87.8255,1.00409
4.74606,87.6347,0.995008
4.84806,87.1307,0.968424
4.95308,86.3641,0.94495
5.05511,85.4107,0.925552
5.15509,84.3319,0.909289
5.25606,83.118,0.895334
5.35611,81.8542,0.88381
5.4595,80.4758,0.873385
5.5631,78.9611,0.8638
5.67065,77.3768,0.855708
5.77012,75.851,0.849435
5.87007,74.3155,0.843159
5.9712,72.713,0.837732
6.07123,71.0973,0.832276
6.17321,69.5233,0.827743
6.27747,67.7773,0.822571
6.37843,66.2162,0.81841
6.47943,64.5926,0.814311
6.58214,63.0178,0.810272
6.68219,61.4592,0.806121
6.78618,59.8461,0.802448
6.88624,58.3644,0.798907
6.98815,56.8466,0.795347
7.09047,55.3368,0.791817
7.19131,53.8903,0.788587
7.29136,52.5139,0.785342
7.39231,51.1781,0.782231
7.49227,49.8301,0.778959
7.59222,48.5304,0.776122
7.69226,47.2814,0.773024
7.79222,46.0519,0.770114
7.89924,44.567,1.29741
8.00022,43.1523,1.21849
8.10034,41.6323,1.13924
8.20131,40.3476,1.06869
8.3023,39.2562,1.00815
8.40531,38.2363,0.956096
8.50546,37.4499,0.913636
8.60549,36.8074,0.876876
8.70544,36.2754,0.845212
8.80645,35.861,0.817322
8.90733,35.4824,0.792958
9.00828,35.1741,0.771667
9.11042,34.9411,0.752015
9.2106,34.7361,0.734118
9.31065,34.5657,0.717796
9.41034,34.4059,0.702874
9.51037,34.2193,0.688629
9.6116,34.0633,0.675948
9.71129,33.8471,0.664412
9.81134,33.5711,0.653751
9.9124,33.3443,0.644166
10.0124,33.1167,0.635591
10.1128,32.8385,0.627267
10.2164,32.5225,0.619343
10.3175,32.1757,0.61215
10.4187,31.8742,0.605886
10.5185,31.5958,0.600397
10.6185,31.2225,0.594726
10.7185,30.8708,0.589535
10.8184,30.4117,0.583858
10.9188,30.0996,0.579628
11.0189,30.0025,0.576344
11.1199,30.0267,0.574709
11.2194,29.9924,0.573341
11.3195,30.0094,0.571925
11.4195,30.0005,0.570338
11.5195,29.9978,0.569319
11.6215,29.993,0.56803
11.7275,30.0115,0.566603
11.8285,29.9888,0.565537
11.9285,30.0193,0.564478
12.0295,29.9894,0.563179
12.1349,30.005,0.561987
12.2355,30.0164,0.560647
12.3355,29.9805,0.559547
12.4359,30.0075,0.558649
12.5355,29.9916,0.557536
12.6369,30.0101,0.556971
12.7367,29.985,0.555965
12.8435,29.8675,1.47906
12.9436,29.4237,1.47516
13.0436,28.6314,1.4684
13.1439,27.8352,1.46249
13.2457,27.0841,1.45801
13.3467,26.5169,1.45499
13.4499,26.23,1.45304
13.5497,26.1096,1.42755
13.6537,26.1496,1.39205
13.7542,26.3111,1.36407
13.8537,26.4575,1.34039
13.9536,26.6663,1.32072
14.0537,26.9744,1.30456
14.1582,27.3569,1.29069
14.2599,27.776,1.27948
14.3637,28.2993,1.2455
14.466,28.9199,1.20053
14.5659,29.5498,1.16248
14.6657,30.0393,1.12711
14.7657,30.5003,1.09293
14.8699,31.6041,1.06362
14.9699,32.8056,1.03699
15.0697,34.0383,1.01293
15.1697,35.3608,0.991447
15.2698,36.6324,0.972232
15.371,37.8471,0.955293
15.4709,38.9745,0.940933
15.5719,39.9198,0.927894
15.6717,40.6964,0.915814
15.7787,41.4737,0.904407
15.8787,42.1048,0.894898
15.9799,42.6939,0.885806
16.0798,43.1237,0.877062
16.1818,43.4441,0.868205
16.2838,43.7488,0.859653
16.3838,44.0901,0.851986
16.4849,44.3573,0.844377
16.5852,44.5293,0.83697
16.6848,44.6676,0.829574
16.7848,44.7712,0.822427
16.8848,44.9463,0.815804
16.9852,45.1378,0.809309
17.0849,45.3021,0.802942
17.1851,45.4333,0.79629
17.2849,45.5479,0.789699
17.3852,45.7575,0.783634
17.4859,45.9956,0.777379
17.5859,46.1826,0.771252
17.6861,46.3361,0.764846
17.7859,46.4789,0.758991
17.8929,45.5092,1.73205
17.9939,43.4851,1.73205
18.0959,41.3937,1.71237
18.1959,39.5303,1.69482
18.2959,37.8879,1.65131
18.3989,36.3368,1.61228
18.501,35.0316,1.5793
18.601,33.9242,1.55167
18.701,32.9066,1.52832
18.801,31.9932,1.50855
18.9011,31.1765,1.49192
19.002,30.443,1.47772
19.102,30.0433,1.46546
19.203,29.9726,1.45535
19.305,30.0138,1.44692
19.4073,30.0466,1.4398
19.5083,29.9933,1.43391
19.6083,29.9707,1.42901
19.7114,29.9945,1.42483
19.8134,30.0457,1.42144
19.915,30.0266,1.41902
20.0163,30.016,1.41737
20.1163,30.029,1.4163
20.2162,30.0163,1.41581
20.3172,30.0016,1.38942
20.4181,30.0062,1.36594
20.5301,30.0368,1.34343
20.6325,29.9956,1.32581
20.7341,30.0353,1.31014
20.8351,29.9901,1.29686
20.9405,30.0632,1.2845
21.0423,30.0332,1.27383
21.1426,30.0157,1.26421
21.2444,30.0623,1.25534
21.3471,30.0432,1.247
21.4471,30.041,1.23924
21.5473,30.0384,1.23177
21.6471,30.0253,1.22516
21.7472,29.993,1.2187
21.8532,30.0581,1.21199
21.9541,30.0403,1.20566
22.0547,30.0607,1.19955
22.1542,30.1466,1.19341
22.2544,30.2108,1.18755
22.3542,30.2811,1.18168
22.4542,30.3311,1.17589
22.5552,30.3738,1.17008
22.6552,30.3675,1.16384
22.7562,30.2671,1.15725
22.8623,30.0101,1.73205
22.9622,32.5372,1.73205
23.0653,35.5392,1.73205
23.1655,38.3844,1.73205
23.2683,40.9402,1.73205
23.3782,43.2961,1.73205
23.4783,45.1849,1.73205
23.5803,46.8576,1.73205
23.6814,48.2076,1.72858
23.7815,49.2559,1.71016
23.8816,49.9805,1.69037
23.9824,50.4615,1.66023
24.0823,50.6311,1.60297
24.1823,50.7746,1.54491
24.2824,51.8387,1.48511
24.3824,55.0485,1.41965
24.4824,62.2546,1.34843
24.5824,74.1491,1.27947
24.6823,86.1836,1.22359
24.7843,90.4087,1.16859
24.8843,91.9901,1.10724
24.9844,93.2833,1.05577
25.0844,94.3784,1.00972
25.1857,95.2974,0.966628
25.2854,96.0423,0.927684
25.3874,96.6602,0.890401
25.4874,97.1449,0.856755
25.5885,97.5147,0.825184
25.6884,97.806,0.796209
25.7914,98.0278,0.768472
25.8925,98.1811,0.743127
25.9924,98.2855,0.719241
26.0924,98.394,0.697293
26.1938,98.4323,0.67628
26.2934,98.4571,0.656586
26.3945,98.4813,0.638127
26.4945,98.4738,0.620836
26.5955,98.4516,0.604455
26.6957,98.4444,0.589512
26.7955,98.4122,0.574841
26.8965,98.4114,0.561584
26.9965,98.371,0.549103
27.0985,98.3039,0.5369
27.1985,98.3251,0.526323
27.2986,98.2844,0.515943
27.4002,98.2021,0.505205
27.5006,98.183,0.495848
27.6006,98.1243,0.487182
27.7028,98.032,0.478273
27.8045,97.938,0.469708
27.9105,99.0388,1.13404
28.0106,100.432,1.12002
28.1139,101.659,1.10482
28.2136,102.572,1.08986
28.314,103.258,1.01256
28.4228,103.782,0.893774
28.5226,104.187,0.80052
28.6237,104.499,0.721526
28.7237,104.71,0.656573
28.8237,104.801,0.602994
28.9256,104.847,0.55703
29.0297,104.819,0.518043
29.1347,104.712,0.484939
29.2347,104.59,0.457955
29.3386,104.458,0.433777
29.4427,104.316,0.41267
29.5426,104.19,0.394116
29.6429,104.017,0.378375
29.7427,103.822,0.363227
29.8437,103.643,0.349878
29.9457,103.502,0.337551
30.0467,103.337,0.32695
30.1497,103.166,0.316914
30.252,103.026,0.306682
30.3517,102.937,0.297485
30.4541,102.796,0.289267
30.5548,102.613,0.281894
30.6547,102.42,0.275045
30.7548,102.272,0.268763
30.8551,102.19,0.263221
30.9551,102.125,0.258175
31.0567,102.045,0.253316
31.1598,101.955,0.248846
31.2597,101.834,0.244902
31.3598,101.691,0.24138
31.4612,101.538,0.238211
31.5608,101.399,0.235345
31.6618,101.294,0.232648
31.7621,101.212,0.230018
31.8629,101.139,0.227519
31.963,101.086,0.225283
32.0629,101.047,0.22293
32.1632,101.034,0.220624
32.2629,101.017,0.218298
32.3629,100.974,0.216111
32.4632,100.895,0.214024
32.5638,100.793,0.212021
32.6638,100.706,0.210443
32.7638,100.64,0.209107
32.8652,100.871,1.52868
32.9649,100.67,1.52213
33.0683,99.8666,1.51143
33.1679,98.8963,1.50068
33.2691,97.9295,1.49067
33.3709,96.9874,1.48138
33.4708,96.0766,1.47329
33.5739,95.2141,1.46572
33.674,94.35,1.45924
33.7739,93.5231,1.45346
33.8741,92.642,1.44823
33.974,91.7821,1.44358
34.0744,90.882,1.43936
34.1739,89.971,1.43559
34.2739,89.0552,1.43229
34.3742,88.0935,1.42938
34.4749,87.1177,1.42679
34.5749,86.0865,1.42451
34.6752,85.0505,1.4225
34.7752,83.9585,1.42078
34.8755,82.8142,1.41932
34.975,81.6142,1.41808
35.075,80.3779,1.41701
35.176,79.0828,1.41613
35.276,77.7445,1.41545
35.376,76.3475,1.41492
35.4761,74.9414,1.41454
35.576,73.4711,1.41432
35.6761,71.9968,1.41422
35.7771,70.4663,1.41425
35.877,68.9366,1.41441
35.977,67.4164,1.4147
36.079,65.8457,1.41511
36.1801,64.2875,1.41563
36.2811,62.7734,1.41628
36.3816,61.2509,1.41703
36.4811,59.7991,1.4179
36.5821,58.4345,1.41894
36.6841,57.0152,1.42006
36.7841,55.6705,1.42124
36.8842,54.3658,1.42249
36.9841,53.106,1.4238
37.0841,51.8628,1.4251
37.1841,50.6089,1.4263
37.2862,49.3248,1.42739
37.3871,48.0853,1.42835
37.4891,46.9513,1.42926
37.5911,46.0894,1.43022
37.6911,45.7459,1.43143
37.7931,45.8879,1.43294
37.9034,48.4607,1.73205
38.0055,53.1588,1.73205
38.1052,57.3923,1.73205
38.2064,60.9471,1.73205
38.3066,63.711,1.73205
38.4067,65.7049,1.73205
38.5062,67.0268,1.73205
38.6073,67.6608,1.73205
38.7072,67.6599,1.73205
38.8072,67.164,1.73205
38.9072,66.2017,1.73205
39.0075,64.864,1.73205
39.1082,63.2181,1.73205
39.2082,61.4013,1.73205
39.3083,59.5533,1.73205
39.4082,57.6476,1.73205
39.5085,55.8061,1.73205
39.6082,53.9005,1.73205
39.7112,51.9971,1.73205
39.8142,50.197,1.72651
39.9183,48.4674,1.72101
40.0183,46.9095,1.71631
40.1194,45.5338,1.71241
40.2203,44.2489,1.70886
40.3203,43.0432,1.70568
40.4204,41.9172,1.70275
40.5204,40.9457,1.70043
40.6213,40.0763,1.69858
40.7214,39.2487,1.69694
40.8243,38.4513,1.69549
40.9244,37.7694,1.6944
41.0244,37.0971,1.69325
41.1244,36.4605,1.69209
41.2244,35.9224,1.6911
41.3244,35.3716,1.68996
41.4254,34.8763,1.68888
41.5254,34.492,1.68815
41.6253,34.1794,1.68768
41.7254,33.9281,1.68731
41.8255,33.69,1.68694
41.9304,33.4364,1.68651
42.0338,33.206,1.68613
42.1335,33.0289,1.68585
42.2334,32.8477,1.68556
42.3334,32.6658,1.68524
42.4364,32.509,1.685
42.5374,32.3778,1.68481
42.6374,32.2848,1.68466
42.7375,32.1973,1.68452
42.8415,32.1401,1.55274
42.9475,33.6767,1.55488
43.0485,35.0962,1.55697
43.1485,36.2869,1.5611
43.2486,37.351,1.54453
43.3496,38.1444,1.49574
43.4497,38.6522,1.46037
43.5506,38.9129,1.43448
43.6516,39.0877,1.41588
43.7516,39.2458,1.40296
43.8526,39.5171,1.39391
43.9546,39.8995,1.38777
44.0545,40.2465,1.38371
44.1545,40.5187,1.38107
44.2551,40.6795,1.37939
44.3545,40.7825,1.3784
44.4545,40.8807,1.37801
44.5549,40.94,1.37799
44.6546,40.9724,1.37815
44.7556,40.943,1.3784
44.8566,40.908,1.37906
44.958,40.7793,1.3794
45.0576,40.6963,1.37989
45.1576,40.6081,1.38063
45.2576,40.4667,1.38117
45.3576,40.3189,1.38189
45.4577,40.157,1.38258
45.5581,39.9487,1.38304
45.658,39.7843,1.38382
45.7607,39.5878,1.38451
45.8606,39.3901,1.38506
45.9607,39.2187,1.38248
46.0607,39.0744,1.36956
46.1608,38.9503,1.35721
46.2611,38.8475,1.34562
46.3606,38.7248,1.33447
46.4611,38.5875,1.32333
46.5608,38.456,1.31296
46.6608,38.3053,1.30256
46.7607,38.1475,1.29241
46.8607,37.9619,1.2826
46.9608,37.6927,1.27253
47.0607,37.4386,1.26284
47.1617,37.14,1.25311
47.2619,36.8562,1.24384
47.3621,36.584,1.23466
47.4617,36.4434,1.22616
47.5618,36.1394,1.21745
47.6627,35.7631,1.20884
47.7628,35.3315,1.20036
47.8677,35.1302,1.69501
47.9678,34.3852,1.63276
48.0678,32.7939,1.55321
48.1678,30.9618,1.47873
48.2678,29.7796,1.41453
48.3679,29.8965,1.36417
48.4699,29.9657,1.32342
48.5718,29.8723,1.29131
48.6718,29.9843,1.26661
48.7748,29.8118,1.24627
48.8753,29.9253,1.23058
48.9748,29.8604,1.21809
49.0762,29.8582,1.20792
49.1793,29.8664,1.19994
49.2798,29.861,1.19346
49.3799,29.9615,1.18814
49.4799,29.8669,1.18324
49.5808,29.9735,1.17898
49.6809,29.8853,1.17569
49.7839,29.9319,1.17158
49.8839,29.9759,1.1704
49.9849,29.9001,1.16885
50.0849,29.8525,1.16738
50.1859,29.8035,1.16654
50.2859,29.8122,1.1662
50.3869,29.831,1.16597
50.489,29.8421,1.1669
50.5903,29.9051,1.16789
50.6909,29.9667,1.16919
50.7921,30.0527,1.17064
50.892,29.945,1.17121
50.992,30.0794,1.17252
51.092,29.8422,1.17877
51.192,30.0161,1.18226
51.292,30.0445,1.18476
51.392,30.0468,1.18988
51.4924,29.9423,1.19273
51.5931,30.0352,1.19734
51.6934,29.9845,1.20028
51.793,29.9764,1.20387
51.893,29.9968,1.20771
51.994,30.0477,1.21143
52.094,30.0484,1.215
52.1941,30.0263,1.21828
52.294,30.0091,1.22194
52.3941,30.0091,1.22554
52.4951,30.029,1.22927
52.5992,30.043,1.2335
52.6995,30.0023,1.23735
52.8011,30.0372,1.24139
52.9061,30.9829,1.3818
53.0061,33.9957,1.34398
53.1071,37.0567,1.30534
53.2071,39.9114,1.27245
53.3075,42.7723,1.24507
53.4072,45.6494,1.21352
53.5081,48.4405,1.16363
53.6081,51.0578,1.11744
53.7082,53.4359,1.07461
53.8091,55.5729,1.0343
53.9101,57.3883,0.996605
54.0101,58.908,0.962647
54.1111,60.0585,0.93048
54.2113,60.8843,0.90125
54.3112,61.4476,0.874628
54.4111,61.8123,0.849951
54.5111,61.9846,0.826682
54.6112,62.0161,0.805169
54.7112,61.9772,0.785736
54.8124,61.887,0.766969
54.9122,61.7666,0.749557
55.0123,61.4841,0.733383
55.1134,61.1987,0.717991
55.2135,60.9378,0.703746
55.3133,60.6913,0.690144
55.4132,60.4563,0.677151
55.5133,60.2421,0.664741
55.6133,60.0953,0.653543
55.7203,59.927,0.641617
55.8205,59.7896,0.63116
55.9203,59.6542,0.620753
56.0202,59.5375,0.610723
56.1202,59.4026,0.601009
56.2227,59.2607,0.590967
56.3223,59.1647,0.581749
56.4235,59.0451,0.572427
56.5233,58.9167,0.563098
56.6233,58.7903,0.554026
56.7233,58.6519,0.54532
56.8234,58.5082,0.536479
56.9235,58.3637,0.527626
57.0234,58.2811,0.519607
57.1253,58.2041,0.511354
57.2253,58.0641,0.50294
57.3259,57.9002,0.494385
57.4255,57.8101,0.486889
57.5264,57.6836,0.479235
57.6268,57.5542,0.471596
57.7284,57.3978,0.463701
57.8285,57.2669,1.73205
57.9314,62.0912,1.73205
58.0334,67.8288,1.73205
58.1335,72.6549,1.73205
58.2337,76.5939,1.73205
58.3335,79.6764,1.73205
58.4345,81.9816,1.73205
58.5344,83.5405,1.73205
58.6345,84.4256,1.73205
58.7344,84.7043,1.72841
58.8346,84.4251,1.71472
58.9345,83.6561,1.70221
59.0345,82.4845,1.69079
59.14,80.8801,1.68008
59.2409,78.9866,1.67026
59.3445,76.7956,1.66097
59.4457,74.5215,1.6529
59.5478,72.0405,1.64526
59.6499,69.4732,1.63828
59.7525,66.8914,1.63183
59.8525,64.314,1.62609
59.9525,61.748,1.62072
60.0526,59.2119,1.6157
60.1525,56.7393,1.61128
60.2525,54.3287,1.60725
60.3529,51.9497,1.60354
60.4527,49.6598,1.60014
60.5526,47.4195,1.59712
60.6525,45.2747,1.59422
60.7529,43.1932,1.59002
60.8536,41.2177,1.57742
60.9559,39.2828,1.56564
61.0565,37.4506,1.55501
61.1566,35.7311,1.54509
61.2566,34.1075,1.53587
61.357,32.5452,1.52762
61.4576,31.007,1.51974
61.5596,29.8153,1.51265
61.6598,29.9205,1.5069
61.7617,29.9791,1.50124
61.8626,30.0051,1.49595
61.9627,29.9347,1.49094
62.0626,29.9639,1.48713
62.1676,29.972,1.48326
62.2707,29.9773,1.48005
62.3756,29.9243,1.477
62.4807,29.9398,1.47457
62.5806,29.8873,1.47259
62.6807,29.9512,1.47071
62.7817,29.9508,1.46873
62.8847,29.9329,1.52179
62.9869,29.308,1.48654
63.0881,28.4212,1.40194
63.188,27.6356,1.29745
63.2876,27.0016,1.21453
63.3897,26.5206,1.14995
63.4917,26.1431,1.10195
63.5919,25.9057,1.06655
63.6927,25.8257,1.0405
63.7938,25.804,1.02075
63.8937,25.8473,1.00582
63.9957,25.7825,0.993561
64.0978,25.6869,0.984184
64.1979,25.6298,0.976832
64.2979,25.6092,0.970812
64.398,25.5908,0.965534
64.498,25.5589,0.960981
64.6028,25.5383,0.957025
64.707,25.5174,0.953715
64.8078,25.5066,0.951175
64.9081,25.5001,0.949106
65.0078,25.4982,0.947176
65.1108,25.4974,0.945354
65.2148,25.5,0.94382
65.3149,25.501,0.942422
65.4148,25.5019,0.94108
65.5148,25.5028,0.939748
65.6148,25.5037,0.938435
65.7148,25.5034,0.937303
65.8148,25.5029,0.936349
65.9147,25.5021,0.935513
66.0152,25.5028,0.934656
66.1148,25.502,0.933906
66.2168,25.5021,0.933136
66.3198,25.5013,0.932372
66.4208,25.5011,0.931695
66.5209,25.5009,0.931176
66.6212,25.501,0.93076
66.721,25.5009,0.930421
66.8209,25.5007,0.930038
66.9209,25.501,0.929697
67.0209,25.501,0.929353
67.1219,25.501,0.929007
67.2219,25.5011,0.928726
67.3228,25.5013,0.928446
67.4239,25.501,0.928153
67.5249,25.501,0.927887
67.6259,25.5017,0.927601
67.7261,25.5015,0.927303
67.826,25.5033,1.44736
67.9371,28.7553,1.40914
68.04,33.2265,1.36951
68.14,37.0287,1.34084
68.2401,39.7671,1.3129
68.3405,42.2137,1.28454
68.442,44.4596,1.2563
68.5432,46.5632,1.22835
68.6431,48.4454,1.20078
68.7441,50.2647,1.17417
68.8441,51.7949,1.15053
68.9441,53.2583,1.12979
69.0441,54.6916,1.11128
69.1452,56.1102,1.07589
69.246,57.4679,1.02642
69.3461,58.7557,0.990072
69.4461,59.9893,0.961952
69.5463,61.108,0.941259
69.6471,62.1704,0.924444
69.7474,63.1178,0.911494
69.8471,63.9955,0.900901
69.9481,64.7814,0.891604
70.0491,65.5116,0.883079
70.1491,66.1789,0.875216
70.249,66.764,0.868876
70.3494,67.3096,0.863498
70.4493,67.8038,0.85848
70.5492,68.2544,0.853343
70.6491,68.6483,0.848343
70.7531,69.0299,0.843285
70.8621,69.4235,0.838878
70.9622,69.735,0.835504
71.0625,70.027,0.832116
71.1621,70.3014,0.828657
71.2622,70.5458,0.82475
71.3626,70.7571,0.821596
71.4622,70.9848,0.819026
71.5622,71.2086,0.816834
71.6635,71.3975,0.814504
71.7632,71.5505,0.811943
71.8644,71.6933,0.809367
71.9652,71.8447,0.806563
72.0652,71.9831,0.804266
72.1653,72.1059,0.802665
72.2653,72.2034,0.801595
72.3652,72.2816,0.800539
72.4672,72.3405,0.799234
72.5674,72.4029,0.797494
72.6703,72.4912,0.795791
72.7703,72.6099,0.794081
72.8746,72.2852,0.472587
72.9814,70.2833,0.411138
73.0835,68.3755,0.359329
73.1833,66.6088,0.332232
73.2832,64.9606,0.321623
73.3833,63.6695,0.320095
73.4833,62.686,0.320773
73.5833,61.7514,0.321975
73.6843,61.0207,0.324668
73.7883,60.3267,0.327637
73.8884,59.7375,0.330129
73.9897,59.1718,0.332311
74.0896,58.8345,0.334615
74.1934,58.6358,0.337455
74.2933,58.4802,0.339893
74.3946,58.363,0.342262
74.4944,58.2709,0.344109
74.5943,58.1888,0.34517
74.6944,58.1148,0.345515
74.7945,58.0301,0.345281
74.8945,57.9302,0.344655
74.9944,57.8491,0.344106
75.0944,57.7821,0.34393
75.1944,57.731,0.344109
75.2944,57.6881,0.344358
75.3947,57.6524,0.344751
75.4944,57.629,0.345285
75.5945,57.611,0.345948
75.6945,57.5898,0.346704
75.7945,57.5656,0.347296
75.8945,57.542,0.347818
75.9954,57.5192,0.348463
76.0955,57.495,0.349045
76.1958,57.472,0.349427
76.2955,57.4484,0.349654
76.3966,57.4309,0.349814
76.4965,57.4099,0.349993
76.5965,57.382,0.350084
76.6965,57.3464,0.35009
76.7975,57.3056,0.349853
76.898,57.2597,0.349537
76.9995,57.2142,0.349196
77.1005,57.1817,0.348942
77.2008,57.1648,0.348846
77.3015,57.1559,0.348816
77.4045,57.1477,0.348799
77.5045,57.1412,0.348815
77.6045,57.1343,0.348835
77.7046,57.1281,0.348862
77.8045,57.1213,0.348891
77.9125,55.0359,1.47523
78.0125,50.3809,1.46921
78.1126,44.8499,1.46187
78.2126,39.2005,1.454
78.3127,33.8305,1.44621
78.4136,29.0408,1.43881
78.5136,26.4947,1.4323
78.6136,24.4092,1.42683
78.7137,22.6029,1.42235
78.8136,21.0618,1.39766
78.9136,19.7867,1.366
79.0137,18.7466,1.34069
79.1136,17.9737,1.3212
79.2146,17.4014,1.30673
79.3146,16.952,1.29611
79.4166,16.5689,1.28852
79.5176,16.2349,1.28365
79.6176,15.937,1.28097
79.7176,15.672,1.28
79.818,15.415,1.28079
79.9177,15.1832,1.28265
80.0177,15.123,1.28305
80.1187,15.1981,1.28266
80.2199,15.3701,1.28192
80.32,15.6153,1.28119
80.4207,15.9281,1.28052
80.5217,16.2703,1.28031
80.6217,16.6229,1.2806
80.7217,17.0046,1.28109
80.8217,17.4778,1.28194
80.9217,18.0365,1.28309
81.0218,18.6104,1.28435
81.1218,19.2155,1.2858
81.2219,19.9032,1.28771
81.3218,20.5288,1.28948
81.4218,21.1636,1.29136
81.5217,21.8652,1.29358
81.6218,22.5498,1.29578
81.7218,23.2956,1.29829
81.8217,23.9631,1.3005
81.9217,24.6698,1.30291
82.0238,25.3981,1.30543
82.1241,26.146,1.30807
82.224,26.8749,1.31067
82.3238,27.5772,1.31321
82.4238,28.2875,1.31578
82.5238,28.9982,1.31836
82.6238,29.7182,1.32104
82.7238,29.9851,1.32373
82.8261,29.9856,1.43057
82.9312,32.0922,1.40496
83.0308,34.778,1.36935
83.1319,37.0495,1.33812
83.2319,39.0364,1.27978
83.3329,40.6176,1.1935
83.4342,41.8317,1.12396
83.5339,42.6468,1.06962
83.6339,43.2118,1.02582
83.7341,43.6495,0.991239
83.836,44.4477,0.95958
83.9359,45.7983,0.931977
84.037,47.9436,0.906487
84.137,50.6438,0.883235
84.2373,53.2983,0.86201
84.3369,55.1859,0.842817
84.4369,56.3739,0.824963
84.5389,57.189,0.808463
84.641,57.6654,0.79328
84.7413,58.0936,0.7801
84.8411,58.2878,0.767488
84.9409,58.3069,0.754859
85.0413,58.3182,0.742995
85.141,58.2306,0.731775
85.2412,57.9908,0.721159
85.341,57.8092,0.711553
85.442,57.5056,0.702209
85.544,57.091,0.692569
85.645,56.7174,0.684616
85.7492,56.2412,0.676682
85.849,55.7279,0.669172
85.9494,55.3359,0.662764
86.05,54.8319,0.656667
86.1504,54.2259,0.650364
86.254,53.7756,0.644824
86.354,53.3166,0.639548
86.4601,52.7309,0.6339
86.5604,52.3079,0.629693
86.6601,51.8414,0.625811
86.7601,51.3416,0.622119
86.8601,50.7172,0.618078
86.9604,50.2854,0.615138
87.0601,49.7852,0.612072
87.1601,49.3186,0.609324
87.2601,48.7143,0.605983
87.3612,48.2918,0.603542
87.4611,47.8712,0.601237
87.5611,47.3859,0.598673
87.6613,46.9045,0.596198
87.7636,46.3464,0.593361
87.8713,45.5019,1.55732
87.9712,43.0519,1.54549
88.0735,40.5215,1.49389
88.1752,38.2719,1.4241
88.2752,36.542,1.36283
88.3821,35.0192,1.31768
88.4842,33.9834,1.29011
88.5841,33.0905,1.27166
88.6842,32.4101,1.2594
88.7872,31.7246,1.25017
88.8891,31.2623,1.24412
88.9912,30.87,1.24049
89.0942,30.4963,1.23815
89.1962,30.0926,1.23635
89.2962,29.9983,1.23438
89.3972,29.9849,1.2289
89.4972,30.0058,1.21956
89.5976,30.0111,1.20915
89.6972,29.9799,1.19934
89.7992,30.0047,1.19008
89.8992,30.0011,1.18261
89.9992,29.9972,1.17487
90.0993,30.005,1.16781
90.1992,30.0014,1.16265
90.2997,30.0853,1.15731
90.3992,30.2877,1.15523
90.4993,30.1516,1.16041
90.5992,30.0023,1.16836
90.7015,29.9755,1.17646
90.8017,29.9781,1.17842
90.9022,30.0131,1.17567
91.0036,29.9948,1.17166
91.1033,30.0158,1.16593
91.2193,30.1705,1.16219
91.3274,30.0109,1.16545
91.4273,30.009,1.17322
91.5285,30.0102,1.17834
91.6303,29.9949,1.17689
91.7303,30.0142,1.17336
91.8304,29.9967,1.17016
91.9314,30.0092,1.16609
92.0314,29.9925,1.16335
92.1313,30.0099,1.15899
92.2356,30.1085,1.15567
92.3354,30.2883,1.15659
92.4404,30.1997,1.16301
92.5404,29.9775,1.16908
92.6435,30.0227,1.17657
92.7433,29.9991,1.17951
92.8494,29.9527,1.10372
92.9494,29.9971,0.982545
93.0514,29.9874,0.818598
93.1514,30.0145,0.698939
93.2514,30.0021,0.617406
93.3522,29.9641,0.559124
93.4525,29.9709,0.516608
93.5525,29.9944,0.485199
93.6539,29.9999,0.462851
93.7534,30.0032,0.446395
93.8535,29.9931,0.43539
93.9547,30.0155,0.427515
94.0565,29.9935,0.422251
94.1585,30.023,0.418987
94.2586,29.98,0.416815
94.3635,30.0135,0.415544
94.4715,30.0045,0.414756
94.5755,29.9983,0.414254
94.6754,30.0261,0.41437
94.7755,29.9883,0.414262
94.8756,30.0093,0.414589
94.9755,30.0198,0.414939
95.0755,29.9886,0.415004
95.1758,30.0185,0.415435
95.2759,29.9847,0.415439
95.3765,30.0183,0.415933
95.4765,29.9812,0.415967
95.5766,30.0025,0.416358
95.6766,29.9835,0.416519
95.7766,29.9919,0.41683
95.8769,30.0018,0.417201
95.9766,29.992,0.417442
96.0786,29.9951,0.417819
96.18,29.9964,0.418105
96.2796,30.0164,0.418581
96.3837,30.0156,0.418909
96.4838,29.976,0.418996
96.5836,30.0056,0.419452
96.6836,29.9934,0.419718
96.784,29.9995,0.419971
96.8836,29.9979,0.420273
96.9838,29.9874,0.420403
97.0846,30.0162,0.420812
97.1846,29.9811,0.420856
97.2848,30.017,0.421204
97.3849,29.9749,0.421091
97.4849,30.0067,0.421335
97.5857,29.9774,0.421369
97.6859,30.0014,0.421539
97.7856,29.9969,0.421715
97.8927,30.1247,1.03062
97.9988,30.0528,1.02762
98.0991,30.0024,1.02597
98.199,30.002,1.02523
98.2988,30.0143,1.02507
98.401,29.9621,1.02553
98.5007,30.0058,1.02486
98.601,29.9984,0.988478
98.7007,30.0208,0.955872
98.801,30.0723,0.926981
98.9007,30.0225,0.900801
99.0007,30.0421,0.876919
99.1007,30.2576,0.855307
99.2028,30.5784,0.835611
99.3031,30.9038,0.818189
99.4038,31.3584,0.80154
99.5038,31.921,0.785635
99.6038,32.4579,0.770727
99.7041,33.0375,0.756458
99.8041,33.6828,0.742566
99.9038,34.321,0.72963
100.004,34.9964,0.717201
100.104,35.751,0.70517
100.204,36.4376,0.694127
100.304,37.1682,0.683235
100.404,37.94,0.672496
100.504,38.6509,0.662286
100.604,39.4092,0.652258
100.705,40.1769,0.642684
100.805,40.91,0.633362
100.908,41.6965,0.623851
101.008,42.3862,0.61542
101.108,43.1041,0.607014
101.208,43.8555,0.598665
101.309,44.5286,0.590592
101.41,45.2217,0.582559
101.51,45.8899,0.574998
101.61,46.5106,0.567838
101.71,47.1585,0.560552
101.811,47.7814,0.553498
101.913,48.37,0.546735
102.013,48.9558,0.540199
102.113,49.5132,0.534226
102.215,50.0352,0.5285
102.315,50.5509,0.523012
102.415,51.0869,0.517494
102.515,51.5256,0.512629
102.615,51.9947,0.507484
102.715,52.4616,0.502349
102.815,52.8835,0.497486
102.924,54.9231,1.19116
103.024,57.0076,1.16644
103.124,58.916,1.1261
103.225,60.6783,1.04927
103.325,62.1732,0.983235
103.425,63.8186,0.924033
103.525,65.4938,0.871678
103.625,67.1732,0.824925
103.727,68.8292,0.781712
103.827,70.4383,0.742645
103.931,72.0284,0.70501
104.031,73.5046,0.67123
104.131,74.9424,0.639179
104.231,76.2953,0.609178
104.332,77.6051,0.580743
104.432,78.8027,0.554477
104.532,79.9373,0.529746
104.633,80.9759,0.506644
104.733,81.9416,0.485138
104.833,82.8122,0.465289
104.933,83.6158,0.446701
105.033,84.3612,0.429173
105.133,85.0236,0.412743
105.233,85.6232,0.39735
105.333,86.1504,0.383139
105.434,86.6493,0.36961
105.536,87.1145,0.35686
105.637,87.529,0.344922
105.743,87.905,0.333287
105.844,88.2185,0.322795
105.945,88.4979,0.312674
106.047,88.7446,0.302892
106.147,88.964,0.294177
106.247,89.1947,0.285994
106.349,89.403,0.278417
106.45,89.5914,0.271136
106.55,89.7539,0.264183
106.651,89.8994,0.258127
106.75,90.0211,0.252671
106.851,90.1298,0.246695
106.952,90.2295,0.241235
107.054,90.3168,0.236477
107.154,90.4129,0.231541
107.255,90.5026,0.226537
107.356,90.5649,0.222312
107.458,90.6172,0.218307
107.557,90.6544,0.214126
107.657,90.6772,0.210359
107.757,90.707,0.207073
107.86,90.7261,1.30434
107.96,90.2706,1.24869
108.063,89.5308,1.17587
108.163,88.8427,1.106
108.263,88.2076,1.0397
108.363,87.659,0.978258
108.463,87.177,0.92112
108.563,86.7449,0.868015
108.663,86.3663,0.818683
108.763,86.0514,0.773085
108.863,85.7687,0.730426
108.963,85.5386,0.691275
109.063,85.3347,0.654693
109.171,85.134,0.617801
109.272,84.9716,0.585593
109.372,84.8619,0.556094
109.472,84.7885,0.528635
109.572,84.7355,0.503107
109.672,84.6909,0.479085
109.775,84.6556,0.455868
109.875,84.6288,0.434664
109.975,84.6093,0.414746
110.075,84.5929,0.395728
110.176,84.5803,0.377921
110.278,84.5736,0.361185
110.378,84.568,0.345604
110.478,84.5638,0.330863
110.578,84.5625,0.317179
110.679,84.5608,0.303795
110.78,84.5585,0.29142
110.879,84.5583,0.279637
110.98,84.5584,0.268603
111.08,84.5586,0.258021
111.18,84.5597,0.248003
111.281,84.5606,0.23858
111.381,84.563,0.229879
111.481,84.564,0.221621
111.581,84.5653,0.213868
111.681,84.5669,0.20654
111.782,84.5679,0.199585
111.882,84.5693,0.193244
111.983,84.5713,0.187028
112.088,84.5729,0.180962
112.19,84.5755,0.17562
112.291,84.5774,0.170529
112.39,84.5798,0.165717
112.49,84.5818,0.161434
112.591,84.5839,0.157511
112.692,84.585,0.1539
112.793,84.5867,0.150231
112.899,84.919,1.21077
113.001,85.7563,1.18665
113.101,86.5925,1.16406
113.2,87.412,1.14513
113.3,88.2387,1.12905
113.402,89.0545,1.11578
113.503,89.8765,1.10456
113.604,90.6681,1.09526
113.704,91.4316,1.08741
113.804,92.1485,1.08061
113.905,92.8113,1.07474
114.005,93.4025,1.06996
114.105,93.9367,1.06607
114.205,94.41,1.06298
114.305,94.8246,1.0605
114.405,95.182,1.03335
114.505,95.4766,0.985816
114.606,95.7157,0.942716
114.706,95.9109,0.904382
114.806,96.0481,0.870089
114.906,96.1615,0.838883
115.006,96.2456,0.810907
115.106,96.2918,0.784548
115.206,96.3572,0.76042
115.307,96.3921,0.737912
115.407,96.398,0.716673
115.507,96.4571,0.697656
115.607,96.461,0.679611
115.707,96.4962,0.66267
115.807,96.489,0.646648
115.909,96.5348,0.631646
116.009,96.5559,0.617824
116.109,96.5565,0.604577
116.209,96.5678,0.592098
116.309,96.5645,0.580598
116.409,96.5009,0.569277
116.509,96.5349,0.559257
116.609,96.5508,0.549913
116.709,96.5382,0.54047
116.809,96.5536,0.532132
116.909,96.517,0.524212
117.01,96.4442,0.515774
117.111,96.4143,0.508287
117.211,96.3928,0.501665
117.311,96.3276,0.494735
117.411,96.2677,0.488224
117.511,96.2303,0.482592
117.612,96.1493,0.477198
117.712,96.0347,0.471252
117.812,95.9704,0.466414
117.919,95.0511,1.49215
118.02,92.1806,1.48409
118.125,88.3862,1.46531
118.225,84.5939,1.39888
118.325,81.1212,1.313
118.426,78.0456,1.2305
118.526,75.5656,1.15511
118.626,73.4706,1.08555
118.726,71.6484,1.02113
118.826,70.0051,0.961962
118.927,68.6006,0.906856
119.027,67.411,0.856811
119.13,66.3053,0.809318
119.231,65.3316,0.76643
119.334,64.3781,0.72618
119.435,63.4442,0.689714
119.535,62.5184,0.656075
119.635,61.6077,0.625223
119.736,60.6985,0.596349
119.836,59.8623,0.569637
119.936,59.0671,0.545414
120.036,58.2671,0.522877
120.137,57.4723,0.501994
120.237,56.6656,0.482479
120.337,55.8521,0.464454
120.437,55.0155,0.447587
120.537,54.2023,0.432148
120.637,53.4124,0.417713
120.738,52.603,0.404406
120.839,51.9503,0.39225
120.939,51.28,0.381263
121.042,50.6949,0.370769
121.142,50.0698,0.361527
121.244,49.4545,0.352752
121.346,48.9061,0.344373
121.446,48.3081,0.336849
121.546,47.7586,0.330039
121.649,47.2218,0.323098
121.749,46.7472,0.316777
121.849,46.2349,0.311074
121.949,45.7003,0.305986
122.049,45.1541,0.301268
122.149,44.6041,0.296899
122.249,44.1665,0.293116
122.349,43.7856,0.289258
122.45,43.4295,0.285445
122.552,43.0808,0.281777
122.653,42.7565,0.278462
122.753,42.3931,0.275444
122.857,42.4559,1.42854
122.958,43.5641,1.41852
123.06,45.2516,1.39842
123.16,47.0764,1.38098
123.261,48.803,1.36673
123.365,50.1511,1.35497
123.469,51.1958,1.34598
123.569,51.7398,1.33896
123.669,52.0727,1.33325
123.769,52.0643,1.32889
123.869,51.7554,1.32481
123.969,51.3246,1.30493
124.069,50.7388,1.27712
124.17,49.9218,1.25168
124.273,48.9904,1.22844
124.374,48.0458,1.20809
124.475,47.0079,1.18923
124.575,45.8939,1.1727
124.675,44.8308,1.1577
124.775,43.6531,1.14376
124.875,42.5581,1.13089
124.975,41.445,1.11971
125.075,40.2789,1.10927
125.177,39.1845,1.09944
125.277,38.0767,1.09036
125.377,37.0611,1.0825
125.48,35.9365,1.07452
125.58,34.9571,1.06778
125.68,33.9794,1.06137
125.782,33.1015,1.05564
125.884,32.1231,1.04962
125.984,31.2492,1.04442
126.084,30.4596,1.03985
126.185,30.0542,1.03705
126.286,29.9926,1.03658
126.387,30.0531,1.0365
126.487,29.9799,1.03597
126.588,29.9678,1.03569
126.688,30.0296,1.03551
126.79,29.9933,1.03489
126.89,29.9611,1.03436
126.997,29.9919,1.03371
127.105,29.9818,1.03295
127.205,30.0094,1.03231
127.306,30.0148,1.03171
127.405,30.011,1.03112
127.505,29.9869,1.03056
127.606,29.9508,1.02996
127.706,29.9608,1.02952
127.806,30.0272,1.02919
127.909,31.9279,1.15551
128.01,35.1779,1.14251
128.112,38.3713,1.13388
128.213,41.1689,1.12944
128.32,43.7658,1.12763
128.422,45.9636,1.1281
128.526,47.9875,1.13036
128.629,49.6734,1.13388
128.731,51.3448,1.1381
128.831,52.8205,1.1428
128.931,54.2445,1.10261
129.032,55.4256,1.06073
129.135,56.6618,1.02167
129.237,57.9425,0.985975
129.337,58.9452,0.954235
129.44,59.9361,0.92401
129.54,60.8956,0.896658
129.646,61.6774,0.870835
129.745,62.45,0.847633
129.845,63.2149,0.825943
129.945,63.9738,0.805616
130.047,64.5204,0.787141
130.148,65.0127,0.770078
130.248,65.5893,0.753671
130.347,66.1795,0.738615
130.447,66.7765,0.72402
130.547,67.2124,0.711343
130.651,67.5092,0.699629
130.752,67.7786,0.689152
130.851,68.0855,0.679363
130.952,68.4127,0.670177
131.051,68.8063,0.661433
131.152,69.179,0.653567
131.255,69.6109,0.645372
131.355,70.073,0.637855
131.455,70.5603,0.630576
131.555,70.9497,0.624328
131.655,71.223,0.619249
131.755,71.4818,0.614486
131.855,71.7236,0.610302
131.956,71.9752,0.606379
132.056,72.2061,0.602355
132.156,72.4032,0.598504
132.257,72.6636,0.594554
132.367,73.0146,0.590124
132.468,73.3009,0.58633
132.57,73.6025,0.582914
132.672,74.0027,0.579513
132.776,74.4567,0.576117
132.88,73.696,1.5234
132.98,66.4144,1.51565
133.08,58.3992,1.514
133.18,51.0153,1.51686
133.28,44.7372,1.52248
133.38,39.364,1.52977
133.48,34.905,1.53751
133.58,31.3139,1.51716
133.68,29.09,1.50079
133.78,28.6433,1.48844
133.88,28.5694,1.47878
133.983,28.5718,1.47119
134.084,28.5796,1.46542
134.189,28.59,1.46082
134.289,28.6002,1.45731
134.39,28.6077,1.45429
134.495,28.6102,1.45157
134.595,28.611,1.44935
134.697,28.6129,1.44737
134.797,28.6178,1.44571
134.897,28.6227,1.44423
134.999,28.6267,1.44299
135.099,28.6292,1.44198
135.199,28.6329,1.44108
135.302,28.6371,1.44021
135.402,28.6396,1.43944
135.504,28.6443,1.4387
135.604,28.6494,1.43798
135.704,28.6538,1.4373
135.804,28.6575,1.43667
135.904,28.6614,1.43611
136.004,28.664,1.43563
136.104,28.665,1.43519
136.204,28.6648,1.43479
136.304,28.6644,1.43439
136.405,28.6641,1.43399
136.505,28.663,1.43363
136.606,28.6623,1.4333
136.706,28.6622,1.43305
136.806,28.6623,1.4328
136.906,28.6616,1.43258
137.006,28.6613,1.43242
137.106,28.6615,1.43228
137.206,28.6604,1.43215
137.306,28.661,1.43204
137.406,28.6609,1.43193
137.506,28.6608,1.43182
137.606,28.6613,1.43173
137.706,28.661,1.43167
137.806,28.6606,1.43162
137.911,28.4798,1.20542
138.011,28.0373,1.19192
138.111,27.5461,1.18156
138.211,27.0911,1.1747
138.311,26.6827,1.17108
138.412,26.3226,1.16923
138.512,26.0261,1.16858
138.613,25.7699,1.1686
138.713,25.5401,1.16888
138.813,25.3535,1.165
138.913,25.1858,1.16213
139.015,25.0601,1.16005
139.115,24.9783,1.15871
139.216,24.9123,1.15774
139.316,24.8456,1.157
139.417,24.7677,1.1563
139.518,24.6968,1.15575
139.618,24.6439,1.15557
139.718,24.6061,1.15549
139.818,24.5836,1.15558
139.918,24.5682,1.1557
140.024,24.5558,1.15583
140.124,24.5445,1.15597
140.224,24.5344,1.15617
140.324,24.5264,1.15641
140.424,24.521,1.15676
140.524,24.5122,1.15716
140.625,24.5067,1.15774
140.725,24.5011,1.15831
140.825,24.4959,1.15889
140.925,24.4881,1.15941
141.025,24.4811,1.15985
141.125,24.4729,1.16024
141.225,24.465,1.16051
141.325,24.4572,1.16068
141.425,24.4492,1.16073
141.525,24.4404,1.16074
141.625,24.4333,1.16076
141.725,24.4249,1.16073
141.825,24.4195,1.16072
141.926,24.4143,1.16071
142.026,24.4117,1.16071
142.126,24.4099,1.16067
142.226,24.4087,1.16064
142.326,24.4082,1.16061
142.426,24.4072,1.16056
142.526,24.4078,1.16052
142.626,24.4068,1.16048
142.726,24.4067,1.16045
142.826,24.4066,1.31263
142.93,24.4906,1.302
143.034,23.882,1.27792
143.135,22.9767,1.25216
143.236,22.0806,1.2273
143.336,21.2173,1.20518
143.436,20.4217,1.18521
143.536,19.7333,1.16708
143.636,19.1148,1.15084
143.737,18.492,1.13588
143.837,17.9668,1.12237
143.939,17.5398,1.10992
144.038,17.1327,1.09903
144.141,16.7267,1.08867
144.241,16.4019,1.07968
144.344,16.1732,1.07163
144.444,15.942,1.06478
144.544,15.8661,1.05078
144.655,16.0389,0.989371
144.756,16.3675,0.940062
144.858,16.7658,0.89566
144.959,17.2253,0.85721
145.06,17.7541,0.823085
145.161,18.2918,0.79348
145.264,18.8615,0.766025
145.368,19.4738,0.741511
145.47,20.0243,0.720263
145.57,20.5847,0.702195
145.67,21.1657,0.685694
145.771,21.7217,0.671036
145.871,22.2219,0.657709
145.973,22.7789,0.645153
146.075,23.3437,0.634305
146.176,23.8739,0.62455
146.276,24.3655,0.615561
146.376,24.8756,0.607188
146.477,25.4304,0.599916
146.577,25.8795,0.593511
146.679,26.2814,0.58733
146.778,26.7321,0.581762
146.878,27.1212,0.576568
146.98,27.5393,0.572266
147.08,28.0194,0.568685
147.18,28.3912,0.564391
147.28,28.6787,0.560327
147.381,28.9592,0.556788
147.48,29.2919,0.553975
147.582,29.7111,0.551233
147.681,29.9798,0.54813
147.784,30.0102,0.542642
147.887,30.195,1.14174
147.994,30.9111,1.12716
148.097,32.1986,1.11451
148.197,33.8067,1.10407
148.297,35.4997,1.09492
148.397,37.3037,1.08728
148.498,39.1139,1.08073
148.597,40.8629,1.0752
148.702,42.566,1.06246
148.801,44.1123,1.02759
148.902,45.5727,0.99454
149.003,46.9651,0.963632
149.103,48.2396,0.934776
149.203,49.4367,0.907553
149.304,50.6078,0.881775
149.403,51.7733,0.858202
149.504,52.9054,0.836465
149.604,54.057,0.816614
149.705,55.1527,0.798593
149.805,56.2286,0.781928
149.905,57.2614,0.767246
150.004,58.2713,0.753371
150.104,59.1953,0.740754
150.204,60.1015,0.72936
150.304,61.0144,0.718235
150.406,61.8179,0.708701
150.507,62.6468,0.699729
150.607,63.4797,0.692144
150.706,64.2846,0.684484
150.807,64.9919,0.677755
150.907,65.619,0.671674
151.007,66.2458,0.665681
151.11,66.8365,0.660134
151.211,67.3507,0.654628
151.313,67.7776,0.650186
151.415,68.1404,0.64638
151.516,68.5027,0.643088
151.616,68.8551,0.640695
151.716,69.1979,0.638287
151.818,69.5623,0.63571
151.918,69.9133,0.633662
152.018,70.2203,0.631638
152.118,70.4651,0.629448
152.219,70.6663,0.628018
152.32,70.8144,0.626825
152.42,70.9693,0.625427
152.52,71.1242,0.624026
152.62,71.2915,0.622439
152.721,71.4577,0.620886
152.821,71.629,1.00061
152.927,71.8323,1.00061
153.027,72.2029,1.00062
153.129,72.5755,1.00067
153.229,72.9154,1.00075
153.332,73.2282,1.00084
153.433,73.5044,1.00097
153.536,73.7585,1.00113
153.637,73.9568,1.00132
153.738,74.1498,1.00156
153.838,74.2833,1.00183
153.938,74.3116,1.00212
154.038,74.3275,1.00241
154.138,74.3427,1.00271
154.24,74.3728,1.003
154.34,74.4111,1.0033
154.44,74.4374,1.0036
154.54,74.4661,1.00389
154.64,74.4652,1.00413
154.74,74.4535,1.00437
154.842,74.4505,1.00459
154.942,74.4602,1.00477
155.042,74.475,1.00493
155.142,74.493,1.00509
155.242,74.5063,1.00525
155.342,74.5121,1.00541
155.442,74.523,1.00556
155.542,74.5406,1.00569
155.645,74.5661,1.0058
155.746,74.5875,1.00589
155.847,74.604,1.00598
155.947,74.6139,1.00607
156.047,74.6257,1.00615
156.147,74.6356,1.00623
156.247,74.6395,1.0063
156.347,74.6412,1.00637
156.448,74.6433,1.00644
156.548,74.6456,1.0065
156.648,74.6471,1.00656
156.748,74.6587,1.00662
156.849,74.673,1.00667
156.951,74.6958,1.00669
157.051,74.7157,1.00671
157.151,74.727,1.00672
157.251,74.735,1.00674
157.351,74.7432,1.00676
157.452,74.752,1.00677
157.553,74.7608,1.00678
157.653,74.7696,1.00679
157.753,74.7768,1.00679
157.857,74.5986,1.72655
157.959,74.7546,1.67019
158.06,74.1911,1.58206
158.162,73.4867,1.50206
158.263,72.7769,1.43551
158.363,72.4197,1.37336
158.463,72.1927,1.32114
158.563,72.3325,1.27557
158.663,72.907,1.23412
158.763,73.8625,1.19546
158.863,75.0778,1.1593
158.963,76.4276,1.12529
159.064,77.8703,1.09297
159.164,79.3691,1.0631
159.264,80.9115,1.03491
159.365,82.4956,1.00804
159.466,84.1512,0.982943
159.566,85.911,0.959034
159.666,87.7045,0.936108
159.766,89.4272,0.914658
159.866,91.1006,0.894509
159.966,92.7954,0.875464
160.066,94.515,0.857273
160.167,96.2262,0.839525
160.267,97.7686,0.823224
160.367,99.2679,0.808052
160.467,100.793,0.793172
160.567,102.291,0.779408
160.667,103.774,0.765923
160.767,105.142,0.753509
160.867,106.384,0.742091
160.967,107.56,0.731034
161.068,108.635,0.720823
161.169,109.693,0.711016
161.27,110.677,0.702136
161.37,111.644,0.693305
161.47,112.57,0.685542
161.574,113.513,0.677651
161.675,114.389,0.670429
161.782,115.352,0.662532
161.884,116.222,0.655378
161.984,116.945,0.649651
162.086,117.591,0.64452
162.186,118.217,0.639224
162.296,118.826,0.633992
162.396,119.328,0.629543
162.499,119.836,0.624505
162.6,120.336,0.619616
162.702,120.795,0.615413
162.803,121.187,0.611981
162.906,118.989,1.73205
163.007,114.698,1.73205
163.106,110.243,1.73205
163.206,106.115,1.73205
163.306,102.415,1.73205
163.407,99.1929,1.73205
163.507,96.4018,1.73205
163.608,93.8285,1.73205
163.711,91.3009,1.73205
163.811,88.9185,1.73205
163.911,86.5713,1.73205
164.012,84.3028,1.73205
164.113,82.0469,1.73205
164.215,79.7451,1.73205
164.315,77.5287,1.73205
164.416,75.0477,1.73205
164.516,72.155,1.73205
164.616,68.5473,1.73205
164.716,64.5336,1.73205
164.817,61.5633,1.73205
164.918,59.2943,1.73205
165.018,57.2983,1.73205
165.118,55.3598,1.73205
165.221,53.5466,1.72719
165.32,51.903,1.7214
165.42,50.3944,1.7168
165.52,49.0329,1.71362
165.62,47.7147,1.71154
165.72,46.5442,1.70822
165.821,45.3986,1.68352
165.921,44.4005,1.66298
166.022,43.5265,1.64598
166.122,42.7442,1.63145
166.223,42.0601,1.6191
166.327,41.4431,1.60818
166.427,40.8956,1.59904
166.528,40.3817,1.59109
166.627,39.883,1.58383
166.728,39.4052,1.57726
166.828,38.9842,1.57159
166.929,38.5568,1.56628
167.028,38.1817,1.56167
167.131,37.7652,1.55714
167.235,37.3391,1.55298
167.335,36.9477,1.54918
167.435,36.526,1.54554
167.536,36.1977,1.54239
167.636,35.8467,1.53934
167.737,35.4429,1.5363
167.838,35.0086,0.473551
167.939,35.9931,0.466348
168.039,36.9205,0.456832
168.139,37.5143,0.453688
168.241,37.9114,0.456792
168.346,38.2162,0.464351
168.446,38.4513,0.472686
168.548,38.6082,0.481344
168.648,38.7549,0.489442
168.748,38.7549,0.496454
168.849,38.7527,0.502785
168.948,38.735,0.507829
169.049,38.7328,0.512333
169.148,38.6157,0.515442
169.248,38.4636,0.51746
169.348,38.2924,0.51851
169.448,38.1001,0.519134
169.55,37.8797,0.519367
169.649,37.658,0.519356
169.75,37.439,0.519095
169.852,37.242,0.518318
169.952,37.0555,0.517527
170.055,36.8716,0.5165
170.158,36.7019,0.515364
170.259,36.544,0.51413
170.373,36.3833,0.512484
170.475,36.2384,0.511312
170.578,36.0958,0.509962
170.678,35.9627,0.508715
170.78,35.8406,0.507448
170.882,35.7393,0.5057
170.986,35.6365,0.504021
171.087,35.5306,0.502686
171.187,35.4385,0.500987
171.287,35.3486,0.499436
171.387,35.2537,0.49819
171.487,35.1769,0.496695
171.588,35.112,0.494823
171.688,35.0352,0.493475
171.788,34.9526,0.49242
171.888,34.8779,0.491073
171.989,34.8033,0.48973
172.09,34.7249,0.488701
172.191,34.667,0.487214
172.291,34.6134,0.485514
172.391,34.5455,0.484221
172.493,34.4726,0.482961
172.593,34.4049,0.481544
172.694,34.3369,0.480269
172.794,34.265,0.479248
172.901,33.4658,1.44634
173.002,32.5141,1.4213
173.102,31.8196,1.39314
173.202,31.3908,1.36683
173.302,31.1451,1.34386
173.405,31.1049,1.32456
173.506,31.1917,1.30899
173.606,31.3583,1.29691
173.707,31.5906,1.28722
173.807,31.8391,1.27998
173.907,32.1442,1.27482
174.007,32.4654,1.27125
174.109,32.8426,1.26925
174.212,33.1483,1.26845
174.312,33.4238,1.26855
174.412,33.6995,1.26949
174.513,33.941,1.27095
174.614,34.1523,1.27286
174.714,34.3912,1.27528
174.814,34.6569,1.27793
174.914,34.8798,1.28061
175.014,35.0731,1.2832
175.115,35.3608,1.28606
175.217,35.6513,1.28784
175.318,35.9122,1.27157
175.419,36.1953,1.25669
175.519,36.5711,1.24345
175.619,36.9717,1.23089
175.719,37.3637,1.21887
175.819,37.7511,1.20726
175.919,38.1042,1.19606
176.019,38.4513,1.18519
176.119,38.8287,1.17524
176.219,39.1789,1.16568
176.319,39.4879,1.1564
176.419,39.7626,1.14716
176.519,39.9995,1.13795
176.62,40.2463,1.129
176.72,40.5387,1.12044
176.821,40.8617,1.11229
176.922,41.1585,1.10413
177.022,41.4412,1.09623
177.124,41.7277,1.08818
177.226,41.9299,1.08007
177.328,42.0933,1.07192
177.428,42.2726,1.06419
177.53,42.5163,1.05668
177.63,42.7192,1.04937
177.73,42.8855,1.04229
177.83,43.0213,1.35306
177.93,42.1655,1.33688
178.038,40.8551,1.31237
178.139,39.596,1.29086
178.239,38.3811,1.2724
178.341,37.1827,1.25637
178.444,36.1477,1.24264
178.545,35.1126,1.23077
178.645,34.1879,1.22036
178.745,33.37,1.21131
178.845,32.5227,1.20318
178.946,31.7376,1.19462
179.047,31.0117,1.18122
179.147,30.398,1.17
179.247,30.0517,1.15973
179.347,30.0133,1.15163
179.448,30.0123,1.14445
179.549,30.0615,1.13774
179.649,29.9668,1.13225
179.749,30.0178,1.12687
179.86,30.038,1.1209
179.96,30.0297,1.11638
180.06,29.9796,1.11153
180.16,30,1.10689
180.261,30.0643,1.10247
180.362,29.9824,1.09852
180.462,30.0479,1.09483
180.562,30.0153,1.0909
180.662,30.069,1.08701
180.762,29.9826,1.08353
180.863,30.0811,1.07967
180.964,30.0173,1.07608
181.064,30.0229,1.07217
181.164,30.0295,1.06882
181.265,29.9824,1.06508
181.365,30.0413,1.06141
181.465,29.9861,1.05787
181.565,30.0275,1.05445
181.666,30.0299,1.05067
181.766,30.0662,1.04731
181.866,29.9732,1.04393
181.966,30.0255,1.04061
182.066,30.0168,1.03704
182.166,30.0132,1.03419
182.269,30.0256,1.03072
182.37,29.9761,1.02786
182.47,30.0663,1.02418
182.571,29.9686,1.02147
182.671,30.05,1.01815
182.773,29.9718,1.01516
182.878,29.9551,1.3362
182.978,30.5635,1.25475
183.08,31.8774,1.12876
183.18,33.3304,1.01306
183.28,34.658,0.913728
183.381,35.8794,0.830556
183.485,37.0114,0.759812
183.586,38.1719,0.703941
183.689,39.0821,0.658895
183.789,39.3484,0.625543
183.889,39.3115,0.600468
183.992,39.1599,0.580302
184.092,38.8785,0.564336
184.192,38.5678,0.552038
184.292,38.282,0.541749
184.392,37.9208,0.532318
184.495,37.4869,0.523762
184.596,37.1487,0.51631
184.696,36.7666,0.509629
184.796,36.2558,0.503152
184.898,35.8256,0.497385
184.998,35.4869,0.492236
185.098,35.0827,0.487211
185.198,34.4854,0.482591
185.298,33.9984,0.478265
185.399,33.4921,0.47408
185.502,32.9026,0.469743
185.605,32.4491,0.466179
185.707,32.0469,0.462842
185.808,31.5614,0.459609
185.908,30.9702,0.45639
186.009,30.4223,0.453692
186.11,30.0599,0.450616
186.21,30.0735,0.44809
186.31,30.0178,0.445454
186.411,30.041,0.443269
186.511,30.1241,0.441189
186.611,30.005,0.439331
186.712,29.9343,0.437876
186.812,30.0735,0.436422
186.912,30.1188,0.435132
187.015,30.1297,0.433856
187.115,30.1185,0.432683
187.217,30.1046,0.431599
187.319,30.0254,0.430475
187.42,29.9322,0.42954
187.521,29.9526,0.428846
187.623,29.9901,0.428067
187.723,30.0402,0.427407
187.825,30.11,1.73205
187.93,30.7838,1.73205
188.029,30.9914,1.73205
188.13,31.1839,1.67075
188.23,31.1365,1.61096
188.33,30.7528,1.56216
188.43,30.1278,1.52396
188.53,30.0784,1.49424
188.63,30.0669,1.47163
188.731,29.9199,1.45444
188.832,29.8968,1.44094
188.932,29.9881,1.41306
189.034,29.9935,1.38921
189.133,29.9524,1.36964
189.236,29.9104,1.35307
189.336,29.7539,1.33869
189.437,29.4635,1.32531
189.538,29.0674,1.31298
189.637,28.5619,1.2936
189.737,27.978,1.2371
189.838,27.2298,1.18519
189.937,26.4966,1.13854
190.038,25.7295,1.09654
190.14,24.9675,1.05746
190.24,24.2739,1.02306
190.34,23.6718,0.991669
190.44,23.1443,0.962472
190.541,22.686,0.935248
190.641,22.2943,0.910377
190.741,21.9525,0.887163
190.843,21.6465,0.865216
190.945,21.3869,0.844739
191.044,21.1422,0.825442
191.145,20.9357,0.807446
191.246,20.7466,0.790091
191.345,20.597,0.77396
191.446,20.4644,0.758458
191.546,20.3375,0.743482
191.647,20.2171,0.729269
191.747,20.1043,0.715296
191.849,20.0057,0.701334
191.949,19.928,0.688301
192.05,19.8357,0.675826
192.15,19.7347,0.663531
192.251,19.6586,0.651452
192.354,19.5986,0.640237
192.456,19.5375,0.629391
192.556,19.4867,0.618976
192.656,19.4449,0.608775
192.758,19.436,0.59872
192.861,19.4655,1.69413
192.963,20.2754,1.68814
193.063,21.4986,1.68109
193.163,23.0824,1.67471
193.263,24.9562,1.66924
193.363,27.0431,1.66412
193.463,29.3146,1.65943
193.564,32.1925,1.65074
193.664,35.4309,1.62399
193.766,38.0689,1.59539
193.866,40.2143,1.56664
193.969,42.3333,1.53829
194.069,44.3189,1.51244
194.169,46.193,1.4881
194.27,48.0074,1.46512
194.37,49.7933,1.44451
194.47,51.4783,1.42566
194.57,53.0642,1.40851
194.67,54.5653,1.39299
194.77,55.9604,1.37918
194.874,57.2459,1.36635
194.975,58.2844,1.35506
195.077,59.1023,1.34477
195.178,59.662,1.33545
195.278,59.954,1.32714
195.38,59.9747,1.31949
195.48,59.7341,1.31252
195.58,59.2332,1.30628
195.681,58.494,1.30182
195.782,57.5656,1.29981
195.883,56.4905,1.29976
195.983,55.3275,1.30105
196.084,54.0759,1.30335
196.184,52.7773,1.3063
196.285,51.4201,1.30359
196.385,50.0961,1.29342
196.485,48.8012,1.28424
196.585,47.5146,1.27554
196.685,46.2531,1.26728
196.785,45.0141,1.25929
196.885,43.7943,1.25148
196.989,42.5522,1.24379
197.09,41.3889,1.23684
197.19,40.2895,1.23041
197.291,39.1691,1.2236
197.391,38.0929,1.21689
197.492,37.0669,1.21052
197.592,36.0715,1.20437
197.692,35.1602,1.1989
197.792,34.2386,1.19331
197.911,33.5566,0.784865
198.012,33.0838,0.78386
198.112,32.586,0.781473
198.212,32.0222,0.777893
198.314,31.4677,0.774068
198.416,31.1868,0.772473
198.516,31.0166,0.771703
198.616,30.8484,0.770761
198.716,30.7186,0.769937
198.816,30.6278,0.76933
198.916,30.5457,0.768732
199.016,30.4681,0.76813
199.116,30.4152,0.767731
199.216,30.3774,0.767457
199.317,30.3525,0.767273
199.417,30.3377,0.767171
199.519,30.3247,0.767077
199.62,30.315,0.767017
199.72,30.3091,0.766985
199.82,30.3037,0.76696
199.92,30.3021,0.766967
200.02,30.301,0.766965
200.121,30.3006,0.76697
200.221,30.3007,0.766979
200.322,30.3008,0.766988
200.422,30.3004,0.76699
200.522,30.3008,0.766999
200.623,30.3008,0.767004
200.723,30.3009,0.76701
200.824,30.301,0.767014
200.924,30.3011,0.767018
201.024,30.301,0.767019
201.124,30.301,0.76702
201.225,30.3008,0.767019
201.325,30.3008,0.767021
201.425,30.3004,0.767019
201.525,30.3006,0.767021
201.626,30.3003,0.767018
201.726,30.3007,0.767023
201.826,30.3008,0.767023
201.926,30.2999,0.767017
202.026,30.3,0.767018
202.126,30.3003,0.767021
202.226,30.3004,0.767023
202.327,30.3005,0.767023
202.427,30.3003,0.767023
202.527,30.3003,0.767022
202.628,30.3,0.76702
202.728,30.3001,0.767021
202.835,30.3368,1.07604
202.936,33.5581,1.07912
203.038,38.1012,1.07893
203.139,42.4886,1.07765
203.24,46.5878,1.07581
203.344,50.4294,1.07337
203.448,53.8776,1.07088
203.55,56.8555,1.0684
203.65,59.3593,1.06572
203.753,61.4651,1.06294
203.855,63.1578,1.06002
203.955,64.4553,1.05733
204.057,65.4979,1.05003
204.157,66.2394,1.02597
204.258,66.7147,1.00409
204.359,66.9476,0.984905
204.46,67.0061,0.967882
204.56,66.9558,0.952604
204.66,66.8288,0.938722
204.76,66.6487,0.926749
204.86,66.4073,0.915667
204.96,66.1092,0.90537
205.06,65.7614,0.896195
205.161,65.3631,0.887362
205.261,64.9408,0.879858
205.361,64.4861,0.87241
205.461,64.0072,0.865723
205.561,63.5472,0.859557
205.661,63.0565,0.853714
205.762,62.5776,0.848355
205.862,62.0753,0.842973
205.964,61.5979,0.838259
206.064,61.117,0.833634
206.164,60.6629,0.82934
206.264,60.2049,0.8254
206.367,59.7597,0.821525
206.466,59.2961,0.817633
206.566,58.8465,0.814131
206.666,58.4116,0.810878
206.766,57.9893,0.807848
206.866,57.5951,0.804979
206.966,57.1929,0.802239
207.066,56.8034,0.799781
207.167,56.4296,0.797101
207.268,56.0309,0.79446
207.368,55.6234,0.791827
207.468,55.281,0.789757
207.569,54.9218,0.787637
207.669,54.5588,0.785792
207.77,54.2458,0.784102
207.881,53.5481,1.41566
207.986,53.3337,1.38292
208.089,53.3546,1.33696
208.189,53.4723,1.29763
208.289,53.672,1.2638
208.39,53.9294,1.23454
208.492,54.2984,1.2091
208.592,54.7571,1.18791
208.692,55.2923,1.16975
208.793,55.9172,1.1542
208.893,56.6243,1.1411
208.992,57.3562,1.12986
209.092,58.1366,1.12053
209.192,58.9009,1.11268
209.292,59.6344,1.10615
209.392,60.389,1.10081
209.493,61.1081,1.09635
209.592,61.8078,1.0928
209.694,62.4216,1.08982
209.796,62.9992,1.08758
209.897,63.5803,1.08608
209.999,64.0918,1.085
210.099,64.5149,1.08428
210.2,64.9301,1.0839
210.3,65.3134,1.08377
210.4,65.6463,1.08408
210.5,65.9395,1.08481
210.6,66.2134,1.08576
210.701,66.4447,1.08693
210.801,66.6564,1.08828
210.912,66.905,1.09006
211.011,67.1008,1.09188
211.111,67.2577,1.0939
211.211,67.4517,1.09609
211.311,67.6905,1.09849
211.411,67.9366,1.09866
211.511,68.2041,1.07702
211.611,68.4227,1.05713
211.713,68.538,1.03876
211.814,68.6764,1.02187
211.916,68.8157,1.00649
212.017,68.942,0.992327
212.117,69.1247,0.978729
212.219,69.2688,0.966312
212.319,69.3802,0.954262
212.421,69.4569,0.942655
212.522,69.5019,0.931662
212.625,69.5267,0.920798
212.726,69.559,0.910556
212.826,69.6205,1.23045
212.936,70.0198,1.20495
213.038,69.1839,1.16932
213.138,67.7408,1.11548
213.239,66.1726,1.05536
213.34,64.8308,1.00828
213.441,63.6523,0.9718
213.542,62.6466,0.942972
213.646,61.826,0.919078
213.747,61.0494,0.900367
213.849,60.3587,0.884699
213.95,59.7701,0.871342
214.05,59.2633,0.859254
214.15,58.7411,0.848059
214.25,58.1289,0.837497
214.35,57.4244,0.827141
214.452,56.6775,0.817102
214.552,55.8609,0.807449
214.652,55.1342,0.798036
214.753,54.406,0.788627
214.853,53.5481,0.779549
214.953,52.641,0.77064
215.055,51.6387,0.761769
215.155,50.7092,0.753685
215.255,49.7835,0.745979
215.355,48.8133,0.738563
215.455,47.8954,0.731757
215.555,46.9048,0.725105
215.655,45.9318,0.71926
215.755,44.835,0.713263
215.863,43.5072,0.706879
215.963,42.259,0.701397
216.064,40.9651,0.696135
216.164,39.7129,0.691609
216.264,38.4527,0.687493
216.364,37.1813,0.683998
216.464,35.9046,0.680957
216.564,34.6723,0.678682
216.665,33.4815,0.676501
216.765,32.3183,0.674961
216.865,31.1556,0.673974
216.965,29.9972,0.673431
217.065,29.9202,0.672096
217.165,30.0632,0.670806
217.265,29.9766,0.670475
217.365,29.9163,0.66992
217.465,30.0106,0.669496
217.565,30.0476,0.669258
217.665,29.9228,0.669289
217.767,29.9293,0.669099
217.873,29.7954,1.16453
217.974,29.9457,1.11496
218.074,29.978,1.05801
218.174,29.9081,1.00475
218.274,30.0985,0.959288
218.377,29.9724,0.918264
218.477,30.0034,0.883499
218.577,30.0266,0.855156
218.677,29.962,0.83186
218.779,29.9628,0.812489
218.88,29.9424,0.796355
218.98,30.0785,0.783308
219.08,30.0676,0.77218
219.18,30.0519,0.762275
219.28,30.03,0.753687
219.381,30.0447,0.745852
219.481,30.0447,0.738771
219.581,30.0582,0.732399
219.681,29.9276,0.726338
219.781,29.9102,0.721246
219.881,29.9229,0.716537
219.987,30.0549,0.712182
220.087,29.9225,0.707897
220.187,29.9443,0.704525
220.287,30.0628,0.701184
220.387,29.9241,0.69755
220.488,29.9727,0.694554
220.588,29.9665,0.692158
220.688,30.077,0.68976
220.789,29.9719,0.687161
220.889,29.9269,0.685041
220.989,29.9996,0.683066
221.089,30.08,0.681152
221.189,29.9972,0.679061
221.289,29.9439,0.677384
221.389,30.0247,0.675884
221.49,30.0805,0.674222
221.591,29.99,0.672571
221.693,29.9344,0.671117
221.795,30.0137,0.669854
221.895,30.078,0.66858
221.995,29.9473,0.667368
222.096,30.0468,0.666627
222.197,30.0592,0.665363
222.3,29.9499,0.664343
222.401,30.0495,0.663673
222.502,30.0683,0.662425
222.603,29.9746,0.661415
222.703,29.9361,0.66052
222.803,29.978,0.659915
222.907,30.0265,1.43314
223.007,30.1058,1.43783
223.107,30.0479,1.44368
223.209,30.0734,1.4497
223.31,30.0016,1.4554
223.411,30.1347,1.46065
223.514,30.2146,1.4655
223.614,30.1139,1.46968
223.714,30.0727,1.47341
223.814,30.1755,1.47699
223.916,30.0696,1.47996
224.016,30.1264,1.48249
224.117,30.1204,1.4848
224.217,30.0239,1.48698
224.317,30.2046,1.48918
224.417,30.1082,1.49125
224.517,30.0132,1.49323
224.618,30.1219,1.49522
224.718,30.0538,1.49684
224.821,30.0054,1.49811
224.921,30.0924,1.49932
225.021,30.0621,1.5003
225.122,30.0347,1.50124
225.225,30.0077,1.50205
225.326,30.0397,1.50276
225.428,30.0629,1.50342
225.531,30.0662,1.50394
225.633,30.091,1.50426
225.733,30.0505,1.50441
225.835,29.9902,1.50431
225.937,30.1017,1.50383
226.037,29.9813,1.50282
226.137,30.1435,1.50122
226.238,29.9294,1.49916
226.337,30.0478,1.49728
226.438,30.0963,1.495
226.539,30.08,1.49245
226.64,30.0654,1.48965
226.74,30.0423,1.48648
226.84,30.0456,1.44874
226.94,29.9659,1.38992
227.04,29.9672,1.33758
227.14,30.0188,1.29164
227.242,30.0802,1.25149
227.341,30.0722,1.21762
227.441,30.0746,1.18851
227.543,30.0411,1.16341
227.642,30.0566,1.14221
227.743,29.9944,1.12453
227.849,30.3094,1.39881
227.949,30.5265,1.39529
228.052,31.1045,1.37697
228.152,31.8781,1.35941
228.252,32.8165,1.34448
228.353,33.9404,1.33228
228.453,34.9269,1.32259
228.553,35.8685,1.31503
228.654,36.7391,1.30866
228.755,37.6372,1.30278
228.856,38.4278,1.29798
228.956,39.216,1.29396
229.062,39.9791,1.2904
229.163,40.688,1.28751
229.264,41.4408,1.28457
229.365,42.0673,1.28162
229.465,42.6439,1.27868
229.565,43.1349,1.27616
229.665,43.6645,1.27376
229.765,44.2171,1.27144
229.865,44.8139,1.26921
229.966,45.3643,1.2671
230.066,45.9035,1.26534
230.166,46.3796,1.26353
230.266,46.7916,1.26166
230.367,47.1759,1.25979
230.466,47.5508,1.25804
230.566,47.9125,1.25647
230.666,48.2542,1.25516
230.766,48.5841,1.25395
230.868,48.887,1.25281
230.969,49.1544,1.25176
231.073,49.3938,1.25092
231.173,49.6025,1.25012
231.275,49.8445,1.24937
231.375,50.0701,1.24859
231.475,50.2774,1.24783
231.575,50.4433,1.24694
231.676,50.6008,1.24598
231.776,50.748,1.24508
231.876,50.8438,1.24437
231.976,50.9435,1.24371
232.078,51.0349,1.24332
232.179,51.1219,1.24309
232.28,51.2186,1.24286
232.379,51.2925,1.24269
232.479,51.3309,1.24237
232.581,51.357,1.24189
232.681,51.3767,1.24149
232.781,51.3893,1.24123
232.888,49.809,1.41339
232.991,47.2236,1.35166
233.094,44.6841,1.28781
233.194,40.9484,1.23874
233.299,35.9643,1.20183
233.405,30.4936,1.1154
233.507,28.3212,1.02448
233.611,27.4619,0.958935
233.711,26.6005,0.913044
233.83,25.9148,0.875355
233.932,25.3367,0.853241
234.033,24.9567,0.837257
234.136,24.8039,0.823963
234.236,24.8051,0.812605
234.337,24.9181,0.802741
234.439,25.0576,0.793556
234.546,25.1937,0.784762
234.647,25.2965,0.777473
234.748,25.4499,0.770697
234.848,25.6395,0.764261
234.948,25.9212,0.758234
235.049,26.3001,0.75244
235.152,26.6982,0.746978
235.252,27.1137,0.741932
235.353,27.6486,0.737297
235.453,28.2694,0.733445
235.554,29.0344,0.729909
235.655,29.9774,0.726354
235.755,29.7918,0.722515
235.855,30.0597,0.718581
235.955,29.955,0.714323
236.059,29.8249,0.710132
236.16,30.1166,0.706532
236.26,30.0019,0.703051
236.36,29.9532,0.699927
236.461,29.8801,0.697294
236.561,29.9199,0.694909
236.661,30.0193,0.691949
236.762,30.0895,0.688905
236.862,30.1129,0.685779
236.963,30.0838,0.682999
237.063,30.0014,0.680544
237.165,29.9432,0.677936
237.266,29.872,0.675525
237.366,30.0531,0.673806
237.467,30.1171,0.672103
237.567,30.0988,0.670431
237.667,29.9925,0.668721
237.767,29.9276,0.666441
237.874,31.152,1.49376
237.976,32.1688,1.4956
238.076,33.2522,1.49924
238.176,34.4396,1.5035
238.276,35.7884,1.50774
238.376,37.2117,1.51182
238.476,38.9201,1.51559
238.576,41.0295,1.51879
238.677,43.4083,1.52148
238.778,45.9527,1.48928
238.878,48.4791,1.45145
238.979,51.0328,1.41565
239.079,53.5566,1.38321
239.184,56.1766,1.3524
239.284,58.6482,1.32536
239.384,61.1252,1.30062
239.484,63.7093,1.27762
239.585,66.2109,1.25696
239.685,68.8117,1.23741
239.785,71.1928,1.22018
239.885,73.2159,1.20815
239.99,75.3592,1.19657
240.091,77.5674,1.18652
240.192,79.9816,1.17557
240.292,82.7817,1.16268
240.397,85.7793,1.14968
240.498,88.7567,1.13851
240.599,91.641,1.1286
240.699,94.3412,1.11989
240.799,96.9917,1.11225
240.899,99.5969,1.10559
240.999,102,1.09987
241.099,104.299,1.09524
241.199,106.427,1.09138
241.299,108.362,1.088
241.399,110.088,1.08494
241.499,111.611,1.08219
241.599,112.915,1.07969
241.7,114.033,1.07745
241.801,114.95,1.07549
241.901,115.672,1.07376
242.002,116.198,1.07217
242.102,116.519,1.07081
242.202,116.632,1.06968
242.302,116.508,1.06881
242.402,116.075,1.06831
242.503,115.303,1.06829
242.603,114.249,1.06837
242.703,112.951,1.06851
242.803,111.447,1.06877
242.909,110.718,1.4158
243.009,110.462,1.41814
243.111,109.823,1.42138
243.211,108.802,1.4245
243.311,107.515,1.42709
243.413,105.925,1.42913
243.513,104.195,1.40728
243.613,102.322,1.36083
243.714,100.278,1.32117
243.815,98.2373,1.28787
243.915,96.2831,1.26079
244.018,94.4286,1.23722
244.119,92.5503,1.21784
244.224,90.6787,1.20126
244.327,88.8105,1.18762
244.429,86.9155,1.17646
244.542,85.1017,1.16643
244.645,83.5005,1.13102
244.747,82.0285,1.0758
244.847,80.7085,1.02763
244.947,79.4683,0.984707
245.047,78.2504,0.947383
245.147,77.0829,0.914693
245.247,76.0183,0.886911
245.347,75.0699,0.862194
245.447,74.1506,0.840281
245.547,73.2673,0.821189
245.647,72.3677,0.803622
245.747,71.5311,0.788423
245.848,70.7769,0.774598
245.948,70.1071,0.762494
246.051,69.4896,0.750992
246.152,68.9315,0.740362
246.252,68.3624,0.729949
246.352,67.8541,0.720177
246.452,67.5066,0.711624
246.552,67.2661,0.703597
246.654,67.0912,0.696005
246.755,66.9565,0.688533
246.856,66.7701,0.681608
246.956,66.6024,0.674993
247.058,66.4278,0.668526
247.158,66.3112,0.662001
247.258,66.1745,0.656232