Time,Manipulability,Error
9.6e-08,64.4304,1.26191
0.102063,63.6,1.25743
0.203171,61.1737,1.24792
0.304322,57.115,1.23644
0.40803,51.246,1.22102
0.508032,44.0278,1.1824
0.608194,35.847,1.09129
0.708087,29.2597,1.02314
0.809057,26.3486,0.98981
0.909058,26.5599,0.986954
1.00921,28.2803,1.00409
1.1092,30.1826,1.02256
1.20944,31.1028,1.02961
1.30903,31.101,1.02745
1.41008,30.9819,1.02464
1.51009,30.8529,1.02112
1.61209,30.6959,1.01843
1.71234,30.5178,1.01522
1.81209,30.2963,1.01251
1.91315,30.0635,1.00914
2.01309,29.788,1.00594
2.11624,29.4846,1.00249
2.21657,29.1318,0.999373
2.3161,28.7681,0.995632
2.42016,28.3326,0.991642
2.52008,27.8927,0.987531
2.6211,27.3865,0.983973
2.72112,26.8604,0.979733
2.82311,26.2837,0.975622
2.92815,25.6421,0.970901
3.0291,24.9782,0.966389
3.12952,24.2754,0.961684
3.23111,23.5325,0.956882
3.33214,22.7564,1.05884
3.43611,23.162,1.05814
3.53762,24.5617,1.05621
3.63809,26.8915,1.05361
3.73854,30.217,1.05164
3.84118,34.5891,1.0517
3.94143,39.492,1.05448
4.04519,44.9795,1.06034
4.14819,50.6319,1.06877
4.24907,56.1409,1.07871
4.3502,61.1934,1.08899
4.45014,65.6259,1.09836
4.55013,69.5131,1.10533
4.65027,72.9754,1.10884
4.75013,76.4002,1.10725
4.85022,79.5159,1.10065
4.95113,81.4313,1.09021
5.05117,81.1597,1.07823
5.15208,78.4927,1.06556
5.25308,73.3827,1.04165
5.35319,65.9258,0.963282
5.45423,55.8108,0.890448
5.55712,43.5241,0.825873
5.65915,30.8042,0.77133
5.76034,20.0393,0.727373
5.86029,12.7122,0.6934
5.96011,9.32733,0.65498
6.06116,7.78568,0.635782
6.16848,7.32764,0.632254
6.26815,7.34671,0.635949
6.36846,7.39201,0.640511
6.47115,7.43314,0.644873
6.57119,7.46822,0.648306
6.67135,7.48889,0.650439
6.77117,7.49598,0.651626
6.87118,7.48917,0.652242
6.97211,7.48204,0.652491
7.07224,7.46271,0.652293
7.17213,7.44509,0.65196
7.27231,7.43086,0.651677
7.37217,7.41886,0.651443
7.47224,7.40866,0.651236
7.5721,7.40086,0.651081
7.67316,7.39366,0.650942
7.77327,7.38632,0.6508
7.87321,7.38303,0.650734
7.97313,7.38096,0.650692
8.07318,7.38008,0.65067
8.17515,7.37953,0.65066
8.27712,7.37915,0.65065
8.37928,7.34058,1.36977
8.48322,7.30555,1.35898
8.58317,7.24661,1.34283
8.68316,7.162,1.32156
8.78318,7.04997,1.29594
8.88317,6.90968,1.26672
8.98522,6.73935,1.23425
9.08619,6.54452,1.20015
9.18721,6.32629,1.16465
9.28719,6.08787,1.1283
9.38918,5.82863,1.09025
9.49033,5.55574,1.05175
9.59019,5.27082,1.0135
9.69016,4.9722,0.975503
9.79023,4.67162,0.937738
9.8905,4.37332,0.900199
9.99056,4.08029,0.862974
10.0902,3.80203,0.825602
10.1902,3.54212,0.7879
10.2903,3.30758,0.75097
10.3902,3.08946,0.713983
10.4902,2.89584,0.677227
10.5903,2.7416,0.640388
10.6902,2.60919,0.605846
10.7902,2.49344,0.575091
10.8902,2.38444,0.54833
10.9902,2.25827,0.524778
11.0902,2.10327,0.503264
11.1963,1.96296,0.484611
11.2972,1.87314,0.471027
11.3972,1.83379,0.462249
11.4982,1.81305,0.456533
11.6012,1.7935,0.452937
11.7022,1.77515,0.450495
11.8023,1.76335,0.449022
11.9033,1.75562,0.448054
12.0032,1.75176,0.447646
12.1033,1.74915,0.447404
12.2032,1.74664,0.447185
12.3032,1.74494,0.447033
12.4032,1.74336,0.446888
12.5035,1.7427,0.446744
12.6032,1.74269,0.446693
12.7032,1.74272,0.446661
12.8033,1.74275,0.446626
12.9032,1.74283,0.446607
13.0042,1.74281,0.446586
13.1042,1.74285,0.446578
13.2043,1.7429,0.44657
13.3052,1.74426,1.45658
13.4064,1.78988,1.45624
13.5112,1.9135,1.45506
13.6112,2.10341,1.45347
13.7112,2.36567,1.45178
13.8132,2.70377,1.45043
13.9144,3.11522,1.44975
14.0142,3.60706,1.45005
14.1145,4.19863,1.40626
14.2153,4.89266,1.34049
14.3153,5.63981,1.28096
14.4162,6.42697,1.23039
14.5165,7.19091,1.19319
14.6162,7.91817,1.16987
14.7164,8.59871,1.15924
14.8167,9.21935,1.15904
14.9163,9.80344,1.16611
15.0163,10.3657,1.1057
15.1163,10.8755,1.03202
15.2162,11.3888,0.970745
15.3162,11.8117,0.924749
15.4163,12.1218,0.891602
15.5172,12.3965,0.866425
15.6183,12.6002,0.846919
15.7183,12.7772,0.828436
15.8183,12.7665,0.811782
15.9202,12.4987,0.795788
16.0203,11.9643,0.778529
16.1203,11.0506,0.762428
16.2203,9.90062,0.745332
16.3212,8.63465,0.72641
16.4224,7.283,0.705336
16.5222,5.94269,0.682563
16.6223,4.75502,0.66013
16.7222,3.93502,0.643183
16.8223,3.47188,0.633001
16.9222,3.26376,0.628093
17.0222,3.21752,0.62674
17.1224,3.21623,0.626478
17.2222,3.21518,0.626288
17.3233,3.21449,0.626181
17.4232,3.21406,0.626104
17.5233,3.21349,0.626027
17.6242,3.21292,0.625943
17.7243,3.21264,0.625884
17.8243,3.2122,0.62582
17.9243,3.21173,0.625752
18.0243,3.21119,0.625692
18.1253,3.21094,0.625645
18.2283,3.2106,0.625596
18.3377,3.20941,1.71256
18.4372,3.20441,1.70831
18.5392,3.19887,1.70055
18.6416,3.19142,1.68974
18.7433,3.18267,1.6765
18.8433,3.1734,1.66178
18.9443,3.16411,1.64594
19.0443,3.15505,1.62952
19.1443,3.14478,1.61289
19.2483,3.13239,1.59571
19.3505,3.12021,1.57945
19.4503,3.10886,1.5643
19.5503,3.09981,1.55028
19.6503,3.0912,1.53729
19.7503,3.08246,1.52519
19.8506,3.07377,1.51399
19.9505,3.06443,1.50375
20.0526,3.05381,1.4943
20.1532,3.04205,1.48578
20.2533,3.02981,1.4782
20.3543,3.01911,1.47151
20.4543,3.0081,1.46568
20.5543,2.99782,1.46059
20.6553,2.987,1.45622
20.7604,2.97228,1.45235
20.8607,2.9575,1.44936
20.9605,2.94256,1.44697
21.0647,2.92746,1.44512
21.1682,2.91181,1.44392
21.2693,2.89581,1.43379
21.3694,2.87695,1.38839
21.4697,2.8588,1.34555
21.5704,2.84106,1.30472
21.6714,2.82568,1.2677
21.7713,2.81059,1.23602
21.8713,2.79251,1.20888
21.9713,2.76051,1.1873
22.0713,2.68052,1.17116
22.1714,2.5518,1.16006
22.2723,2.38134,1.15291
22.3783,2.11038,1.14062
22.4783,1.77813,1.12684
22.5813,1.40255,1.11173
22.6813,1.2098,1.10263
22.7814,1.19498,1.1003
22.8813,1.18999,1.09944
22.9813,1.1891,1.09928
23.0814,1.18924,1.09929
23.1813,1.18928,1.09929
23.2814,1.18935,1.09929
23.3864,1.17192,1.73205
23.4873,1.05834,1.73205
23.5877,1.08057,1.73205
23.6883,1.28771,1.73205
23.7883,1.53308,1.73205
23.8906,1.82188,1.73205
23.9923,2.19198,1.72453
24.0924,2.69774,1.71466
24.1924,3.36792,1.70338
24.2933,4.20015,1.6902
24.3944,5.21749,1.67636
24.4944,6.40221,1.66197
24.5943,7.76599,1.64712
24.6944,9.10464,1.63134
24.7943,10.3334,1.61505
24.8945,11.543,1.59837
24.9944,12.4547,1.58152
25.0943,13.2386,1.56388
25.1964,14.0724,1.54474
25.2973,14.9809,1.50715
25.3994,16.0172,1.40387
25.5,17.2578,1.24734
25.5993,18.9952,1.08829
25.6994,21.3558,0.926343
25.7994,24.124,0.762446
25.8994,26.6165,0.611786
25.9994,28.37,0.478923
26.0994,29.6327,0.362517
26.2003,30.5419,0.270986
26.3033,31.2035,0.218678
26.4038,31.6574,0.204093
26.5045,31.9663,0.209006
26.6044,32.1173,0.217599
26.7054,32.094,0.221262
26.8084,31.6129,0.217019
26.9094,30.6206,0.203375
27.0094,29.7087,0.184507
27.1093,29.1132,0.174526
27.2104,28.7493,0.1727
27.3104,28.6486,0.173247
27.4113,28.6418,0.173652
27.5124,28.6411,0.173581
27.6125,28.6412,0.173419
27.7124,28.6402,0.173364
27.8134,28.639,0.173318
27.9134,28.6389,0.173266
28.0143,28.6385,0.173214
28.1155,28.6382,0.173168
28.2154,28.6379,0.173107
28.3176,28.6489,1.26642
28.4224,28.8985,1.26462
28.5255,29.2512,1.26356
28.6275,29.4518,1.26279
28.7287,29.5841,1.26171
28.8362,29.7382,1.25944
28.9383,29.9264,1.25563
29.0395,30.2306,1.24965
29.1394,30.579,1.24132
29.2394,30.9805,1.21448
29.3405,31.2832,1.1262
29.4424,31.3367,1.03124
29.5435,31.3478,0.93376
29.6446,31.4016,0.832225
29.7455,31.5748,0.728959
29.8455,31.8778,0.626558
29.9464,32.3364,0.524493
30.0465,32.6798,0.426911
30.1465,32.9915,0.337854
30.2465,33.2613,0.264948
30.3474,33.5105,0.208555
30.4475,33.7034,0.172229
30.5484,33.846,0.151464
30.6484,33.9615,0.138241
30.7524,34.0243,0.131185
30.8534,34.0347,0.129275
30.9534,34.0333,0.129458
31.0534,34.0332,0.130185
31.1544,34.0339,0.130999
31.2545,34.0334,0.131729
31.3544,34.0339,0.132298
31.4564,34.0339,0.13278
31.5565,34.0341,0.13307
31.6575,34.0338,0.133259
31.7574,34.0341,0.133373
31.8575,34.0338,0.133507
31.9574,34.0346,0.133655
32.0577,34.0337,0.133767
32.1585,34.0345,0.133848
32.2584,34.0349,0.133943
32.3584,34.0349,0.134037
32.4605,34.0351,0.134107
32.5605,34.035,0.13415
32.6605,34.0362,0.134152
32.7625,34.0348,0.134178
32.8624,34.0361,0.134161
32.9625,34.0354,0.134182
33.0637,34.0351,0.134182
33.1645,34.0352,0.134191
33.2645,34.0354,0.134189
33.3697,33.9958,1.51602
33.4715,33.8525,1.5125
33.5716,33.6589,1.50762
33.6734,33.3844,1.5007
33.7756,33.0155,1.49244
33.8784,32.5006,1.48294
33.9784,31.8492,1.47301
34.0785,30.9877,1.46265
34.1805,29.9172,1.45191
34.2815,28.6933,1.44167
34.3835,27.3415,1.43229
34.4862,25.8603,1.42439
34.5864,24.2645,1.41857
34.6874,22.5501,1.41511
34.7875,20.7336,1.41426
34.8878,18.8527,1.41619
34.9878,16.9493,1.42097
35.0874,15.0709,1.42861
35.1875,13.3,1.43908
35.2876,12.2045,1.45267
35.3874,11.7613,1.46866
35.4875,11.8458,1.48538
35.5885,12.286,1.5023
35.6896,13.1607,1.51849
35.7906,14.5216,1.53354
35.8905,16.2566,1.5467
35.9904,18.2569,1.55805
36.0905,20.3803,1.56766
36.1914,22.978,1.57629
36.2915,25.8739,1.58317
36.3934,29.0682,1.58832
36.4935,32.3609,1.59162
36.5935,35.6282,1.59313
36.6957,38.9554,1.59331
36.7957,42.3836,1.5926
36.8955,45.5676,1.5901
36.9955,48.3468,1.58584
37.0956,51.4179,1.58132
37.1957,54.165,1.57541
37.2956,56.7571,1.56851
37.3956,58.8545,1.56001
37.4956,60.5435,1.55014
37.5955,61.2111,1.53798
37.6956,62.4161,1.53228
37.7956,63.4466,1.53185
37.8956,63.4926,1.53578
37.9955,62.4046,1.54331
38.0975,60.43,1.55365
38.1975,58.1119,1.56447
38.3001,56.1421,1.73205
38.4035,56.0707,1.73205
38.5056,54.9604,1.73205
38.6056,50.4612,1.73205
38.7065,43.7099,1.72586
38.8065,36.5045,1.69896
38.9065,30.9163,1.67995
39.0066,27.4135,1.66904
39.1075,25.7926,1.66516
39.2075,25.1085,1.66508
39.3075,24.8417,1.66667
39.4075,24.8299,1.66946
39.5075,25.0159,1.67351
39.6074,25.2803,1.67862
39.7075,25.6258,1.68557
39.8085,26.2284,1.69403
39.9085,26.9643,1.70533
40.0085,27.8311,1.71985
40.1086,29.2481,1.73205
40.2085,31.0243,1.73205
40.309,32.6464,1.70345
40.4179,34.4451,1.66389
40.5186,36.2431,1.63447
40.6186,37.638,1.61404
40.7185,38.9439,1.60039
40.8186,39.9241,1.56399
40.9185,40.6837,1.51697
41.0187,40.0997,1.47515
41.1187,37.8672,1.43787
41.2186,33.6852,1.40805
41.3185,28.3938,1.38814
41.4235,24.5069,1.38172
41.5235,22.7344,1.38164
41.6236,21.5525,1.38451
41.7237,20.5219,1.38836
41.8235,19.6709,1.3921
41.9236,18.9037,1.39497
42.0236,18.2208,1.39659
42.1245,17.5388,1.39715
42.2245,17.1801,1.39707
42.3245,17.1519,1.39685
42.4246,17.1244,1.39649
42.5245,17.0936,1.3961
42.6246,17.0468,1.39565
42.7256,16.975,1.39516
42.8266,16.8467,1.39468
42.9266,16.7003,1.39425
43.0265,16.6195,1.39397
43.1285,16.5839,1.39384
43.2287,16.5738,1.39381
43.3327,16.5754,1.70712
43.4395,16.4597,1.70416
43.5415,16.2587,1.69672
43.6415,15.9708,1.67221
43.7415,15.6228,1.64307
43.8415,15.2465,1.61044
43.9425,14.8847,1.57593
44.0426,14.5983,1.54226
44.1426,14.4091,1.51095
44.2467,14.2814,1.48153
44.3465,14.2005,1.45636
44.4481,14.0176,1.43961
44.5476,13.9247,1.42758
44.6507,13.7916,1.42447
44.7526,13.8304,1.42756
44.8525,14.1932,1.43334
44.9527,14.6356,1.43439
45.0526,15.2627,1.43269
45.1526,15.8846,1.43313
45.2526,16.3292,1.4358
45.3528,16.6513,1.43937
45.4546,17.1756,1.43991
45.5556,17.4971,1.44047
45.6556,17.6149,1.44072
45.7576,17.6569,1.4408
45.8576,17.661,1.44077
45.9585,17.6609,1.44073
46.0586,17.6604,1.44069
46.1587,17.6601,1.44067
46.2606,17.6599,1.44066
46.362,17.6601,1.44066
46.4616,17.6602,1.44066
46.5617,17.6601,1.44066
46.6616,17.6602,1.44066
46.7619,17.6598,1.44066
46.8616,17.6604,1.44066
46.9616,17.6603,1.44066
47.0617,17.6605,1.44066
47.1618,17.661,1.44066
47.2616,17.6606,1.44066
47.3636,17.6609,1.44066
47.4636,17.6608,1.44067
47.5636,17.6604,1.44066
47.6646,17.6608,1.44067
47.7647,17.6609,1.44067
47.8647,17.6607,1.44067
47.9646,17.6607,1.44067
48.0646,17.6613,1.44067
48.1657,17.6608,1.44067
48.2661,17.6608,1.44067
48.3726,17.7736,1.63013
48.4726,18.4357,1.6268
48.5726,19.7955,1.61728
48.6726,21.7321,1.59704
48.7736,24.0691,1.57156
48.8746,26.5772,1.54184
48.9746,28.8661,1.50875
49.0756,30.6682,1.47231
49.1757,31.7479,1.43423
49.2767,32.0878,1.39443
49.3767,31.731,1.3552
49.4767,31.0538,1.31576
49.5777,30.1967,1.27651
49.6776,28.1191,1.24821
49.7777,25.1778,1.24515
49.8776,22.8122,1.26318
49.9777,21.3377,1.25266
50.0776,20.7138,1.2468
50.18,20.7043,1.24728
50.2836,21.1546,1.2534
50.3858,21.8008,1.26289
50.4856,22.4805,1.27343
50.5856,23.1111,1.28341
50.6856,23.6294,1.29168
50.7857,23.9948,1.29757
50.8856,24.1755,1.30045
50.9858,24.1552,1.30027
51.0896,23.6774,1.29495
51.1897,22.8604,1.28576
51.2899,21.7177,1.27313
51.3907,20.3006,1.25726
51.4947,18.593,1.23851
51.5956,16.7411,1.21897
51.6957,14.8324,1.20028
51.7958,12.9315,1.18606
51.8956,11.1018,1.17924
51.9957,9.41218,1.17816
52.0976,7.93797,1.17834
52.198,6.84249,1.17286
52.2976,5.9943,1.15984
52.3977,5.29925,1.14657
52.4977,4.85444,1.13587
52.5988,4.58839,1.12897
52.6987,4.42551,1.12376
52.7987,4.33567,1.12212
52.9018,4.31225,1.12182
53.0017,4.32603,1.12169
53.1038,4.33791,1.12143
53.2051,4.3419,1.12105
53.3057,4.34559,1.41496
53.4089,4.29859,1.41031
53.5121,4.11389,1.37699
53.6116,4.59066,1.36136
53.7116,5.85876,1.34816
53.8154,7.67122,1.32789
53.9158,9.87976,1.30505
54.0167,12.6981,1.28352
54.1177,16.0676,1.26192
54.2177,19.929,1.24126
54.3227,24.1781,1.22148
54.4247,28.6294,1.20507
54.5247,33.2865,1.19105
54.6257,37.9718,1.17861
54.7259,42.4323,1.16826
54.8257,46.6105,1.15969
54.9258,50.3683,1.1527
55.0258,53.5432,1.14688
55.1257,55.9495,1.14163
55.2298,57.4279,1.13671
55.3307,57.72,1.13174
55.4307,56.8282,1.08736
55.5307,54.7475,1.02498
55.6307,51.622,0.960783
55.7307,47.6564,0.893241
55.8322,43.1171,0.81964
55.9319,38.5803,0.744689
56.0322,35.379,0.685458
56.1322,34.1898,0.65157
56.2318,34.2931,0.633874
56.3319,34.7005,0.619671
56.4317,35.2717,0.610291
56.5317,35.525,0.601125
56.6317,35.5358,0.589288
56.7318,35.5432,0.577439
56.8317,35.5458,0.566183
56.9317,35.5545,0.554591
57.0318,35.5644,0.54325
57.1318,35.5629,0.53255
57.2317,35.5588,0.522445
57.3327,35.5577,0.512111
57.4329,35.5603,0.501884
57.5327,35.5686,0.491431
57.6327,35.5951,0.480299
57.7327,35.6567,0.468184
57.8331,35.7212,0.45645
57.9327,35.7759,0.444965
58.0328,35.816,0.434598
58.1331,35.8562,0.425262
58.2388,35.8952,0.416196
58.3498,36.1073,1.73205
58.4558,37.4643,1.73205
58.5558,39.9476,1.73205
58.6557,43.5368,1.73205
58.7557,48.0147,1.73205
58.8558,53.1361,1.73205
58.9558,58.5474,1.73205
59.0558,63.8396,1.73205
59.1558,68.3503,1.73205
59.2558,71.2332,1.73205
59.3557,71.7871,1.73205
59.4557,70.0581,1.73205
59.5597,66.6622,1.73205
59.6597,62.094,1.68401
59.7597,56.7967,1.62618
59.8611,51.1543,1.5815
59.9608,45.3412,1.55545
60.0608,39.4079,1.5385
60.1609,33.7188,1.5217
60.2607,27.9466,1.51532
60.3608,22.4265,1.51712
60.4608,17.3417,1.52473
60.5607,12.4558,1.52802
60.6608,8.47814,1.49481
60.7637,6.08472,1.4768
60.8647,5.48807,1.46916
60.9647,5.60463,1.46744
61.0667,5.78328,1.46708
61.1667,5.83011,1.46738
61.2688,5.8072,1.46831
61.3708,5.77166,1.46945
61.4729,5.74621,1.47057
61.5748,5.7282,1.47144
61.6758,5.71506,1.47204
61.7758,5.7065,1.47242
61.8779,5.7013,1.47263
61.9779,5.69758,1.47273
62.0788,5.69384,1.47279
62.1789,5.69004,1.47284
62.2789,5.68698,1.47286
62.3798,5.68365,1.47285
62.4799,5.68085,1.47286
62.5798,5.67843,1.47286
62.6798,5.67688,1.47279
62.7798,5.67551,1.47268
62.8798,5.67568,1.47249
62.9798,5.6763,1.47236
63.0807,5.67635,1.47231
63.1818,5.67631,1.47227
63.2818,5.67653,1.47226
63.3878,5.63779,1.47268
63.4898,5.59698,1.46678
63.5909,5.5678,1.45758
63.6908,5.52586,1.44566
63.7919,5.45722,1.4313
63.8918,5.38,1.40662
63.9918,5.29176,1.35197
64.0918,5.19396,1.2931
64.1918,5.09497,1.23002
64.2918,4.98928,1.16462
64.3918,4.86896,1.10006
64.4918,4.72381,1.03884
64.5918,4.55837,0.984683
64.6918,4.45244,0.932986
64.7929,4.38352,0.889825
64.8948,4.35161,0.860403
64.997,4.31862,0.844077
65.0968,4.29157,0.835907
65.1979,4.27085,0.831926
65.2988,4.25224,0.829789
65.3998,4.23657,0.828183
65.5018,4.2623,0.826558
65.6018,4.25237,0.824795
65.7018,4.23568,0.823526
65.8018,4.22683,0.822875
65.9018,4.22491,0.822726
66.0021,4.22499,0.82273
66.1018,4.225,0.822733
66.2018,4.22507,0.822733
66.3018,4.22494,0.822734
66.4018,4.22499,0.822737
66.5019,4.2251,0.822735
66.6018,4.22507,0.822738
66.7021,4.22514,0.822739
66.8018,4.22512,0.822739
66.902,4.22497,0.822739
67.0018,4.22506,0.822742
67.1019,4.225,0.822743
67.2018,4.22513,0.822742
67.3018,4.22519,0.822749
67.4019,4.22509,0.822749
67.5022,4.2252,0.822746
67.6019,4.22524,0.822749
67.7018,4.22523,0.822747
67.8039,4.22523,0.82275
67.9059,4.22519,0.82275
68.0062,4.22524,0.82275
68.1068,4.22532,0.822756
68.207,4.22513,0.822754
68.3098,4.22384,1.51239
68.4129,4.17263,1.50573
68.5149,4.07519,1.49329
68.6158,4.00757,1.48388
68.7158,4.0018,1.48133
68.8283,4.00534,1.47912
68.9489,4.0071,1.47551
69.0529,4.00955,1.47126
69.1549,4.01097,1.46591
69.2548,4.01277,1.45943
69.3568,4.01739,1.45141
69.4569,4.01777,1.44236
69.5588,4.01627,1.43173
69.6608,4.01655,1.41999
69.7608,4.01567,1.40725
69.8609,4.01887,1.39365
69.9608,4.02007,1.37898
70.0608,4.02907,1.36372
70.1608,4.0423,1.34793
70.2608,4.0721,1.33199
70.3608,4.11249,1.31593
70.4617,4.16103,1.29931
70.5638,4.22719,1.28233
70.6659,4.30154,1.23642
70.7658,4.38744,1.18873
70.8671,4.49262,1.1423
70.9668,4.61258,1.09741
71.0668,4.75266,1.05356
71.1678,4.91196,1.00999
71.2679,5.08605,0.967642
71.3692,5.28291,0.926462
71.4699,5.47999,0.886277
71.5698,5.69211,0.848285
71.6719,5.92003,0.811538
71.7759,6.15513,0.776026
71.8768,6.45957,0.743476
71.9769,6.87131,0.71275
72.0788,7.41228,0.682763
72.1798,7.97107,0.653759
72.28,8.63785,0.62565
72.3809,9.89876,0.597945
72.481,12.2142,0.573668
72.5814,16.0199,0.553216
72.6819,21.3926,0.536385
72.7829,27.6212,0.522858
72.8829,33.7756,0.513105
72.983,39.1438,0.505742
73.0829,43.1293,0.4996
73.1829,45.7258,0.495529
73.2829,47.4611,0.493128
73.3979,48.6457,0.700769
73.4979,49.7673,0.679767
73.5979,52.1636,0.649127
73.6994,55.5564,0.609711
73.7989,59.6227,0.561201
73.8999,64.3802,0.502509
73.9999,68.9534,0.436511
74.1009,72.1583,0.361044
74.2019,73.4207,0.301498
74.3041,73.0481,0.271177
74.4072,72.1549,0.255546
74.5069,71.4251,0.248468
74.608,70.8455,0.244852
74.7109,70.409,0.242241
74.8109,70.0126,0.240016
74.9109,69.8306,0.239077
75.0114,69.8102,0.239032
75.1109,69.7866,0.238957
75.2109,69.782,0.238955
75.3119,69.7798,0.238958
75.412,69.7794,0.238965
75.5121,69.7779,0.238965
75.6119,69.7773,0.238962
75.7129,69.7768,0.238968
75.813,69.7761,0.238964
75.9129,69.7757,0.238965
76.0131,69.7756,0.238968
76.1131,69.7752,0.238969
76.213,69.7751,0.238969
76.313,69.7747,0.238964
76.4129,69.7749,0.238967
76.5129,69.775,0.238968
76.6129,69.7738,0.238966
76.7129,69.774,0.238967
76.815,69.7742,0.238967
76.9169,69.7739,0.238968
77.017,69.7741,0.238966
77.1169,69.7734,0.238971
77.217,69.773,0.238969
77.317,69.773,0.238967
77.4171,69.7741,0.238968
77.518,69.7737,0.23897
77.6192,69.7737,0.23897
77.7209,69.7735,0.23897
77.823,69.7737,0.238973
77.924,69.7732,0.238969
78.026,69.7729,0.238969
78.126,69.7727,0.238972
78.2259,69.773,0.238967
78.3301,69.7759,1.51852
78.436,69.6035,1.51699
78.536,68.8714,1.51414
78.6359,67.8028,1.5093
78.736,66.3577,1.50263
78.837,64.4647,1.49417
78.9391,62.0904,1.48408
79.0389,59.256,1.4728
79.1389,56.0874,1.46059
79.241,52.8469,1.44825
79.341,49.0128,1.43716
79.441,45.1013,1.42781
79.5409,41.2567,1.38011
79.643,37.4558,1.32398
79.7434,33.8292,1.27961
79.8429,30.116,1.24738
79.943,27.0569,1.22301
80.0434,24.709,1.205
80.1432,22.9968,1.19238
80.243,22.0348,1.18423
80.3429,21.6524,1.17908
80.443,21.5687,1.1755
80.543,21.3791,1.17236
80.643,21.0932,1.1697
80.7429,20.561,1.16738
80.843,19.8566,1.16591
80.943,18.9885,1.16542
81.0429,18.2407,1.16295
81.143,17.4895,1.16044
81.2431,16.6711,1.15812
81.344,15.8371,1.15606
81.444,15.048,1.15439
81.544,14.2878,1.1531
81.644,13.5302,1.15249
81.746,12.7651,1.15278
81.8469,12.0967,1.15334
81.948,11.5026,1.15342
82.0489,10.9794,1.15346
82.1489,10.5059,1.15362
82.249,10.1953,1.15392
82.35,9.96282,1.15415
82.451,9.83455,1.15467
82.551,9.86324,1.15555
82.6511,9.89665,1.15652
82.752,9.93372,1.15728
82.8521,9.98223,1.15788
82.952,10.0413,1.15861
83.0523,10.0947,1.15951
83.1523,10.1258,1.16055
83.252,10.157,1.16178
83.359,10.2326,1.29996
83.4589,10.3767,1.28009
83.5603,10.592,1.24319
83.66,10.9704,1.19247
83.76,11.5529,1.13058
83.86,12.3358,1.06064
83.96,13.4575,0.983993
84.06,14.9206,0.903414
84.16,16.4875,0.821355
84.261,18.4095,0.737725
84.3611,20.3339,0.660562
84.461,21.8789,0.597246
84.561,22.8963,0.552467
84.661,23.6446,0.521266
84.761,24.0717,0.50052
84.861,24.7087,0.488643
84.962,25.822,0.483243
85.0623,27.0229,0.482361
85.165,28.1152,0.482632
85.265,28.8013,0.482519
85.3654,29.0924,0.481767
85.465,29.0938,0.48069
85.569,29.0171,0.479858
85.67,28.98,0.479458
85.772,28.968,0.479334
85.8735,28.9637,0.479293
85.9733,28.9611,0.479273
86.073,28.96,0.479257
86.173,28.9595,0.479251
86.273,28.9589,0.479241
86.3731,28.9584,0.479237
86.473,28.9579,0.479236
86.5731,28.9578,0.479228
86.673,28.9579,0.479224
86.7731,28.9574,0.479224
86.885,28.9571,0.479224
86.985,28.9572,0.479221
87.085,28.9568,0.479216
87.1861,28.9572,0.479221
87.2892,28.957,0.479215
87.389,28.9567,0.479214
87.489,28.9568,0.479214
87.59,28.9568,0.479215
87.69,28.9566,0.479212
87.7913,28.9565,0.479211
87.8912,28.9566,0.479209
87.9921,28.9562,0.479212
88.092,28.9564,0.479209
88.1922,28.9565,0.479209
88.292,28.956,1.48527
88.3981,28.8424,1.48219
88.498,28.5894,1.47535
88.598,28.2889,1.45467
88.698,28.0123,1.42665
88.7991,27.69,1.39209
88.9,27.2384,1.35119
89,26.6304,1.30538
89.1011,25.8371,1.25374
89.201,24.8562,1.19821
89.3014,23.5706,1.13824
89.4011,22.1188,1.0761
89.5022,20.502,1.01427
89.6021,19.2456,0.962512
89.7021,19.1307,0.924999
89.802,19.7247,0.901192
89.9021,20.2324,0.885773
90.0021,20.594,0.875378
90.1023,20.8766,0.868732
90.2021,21.0223,0.864653
90.3021,21.0264,0.862776
90.4021,21.0269,0.862913
90.5021,21.0625,0.863538
90.6021,21.087,0.863957
90.7025,21.0899,0.864038
90.8022,21.0902,0.864058
90.9021,21.0908,0.864069
91.0026,21.0906,0.864082
91.1021,21.0904,0.864081
91.202,21.0905,0.864088
91.302,21.0902,0.86409
91.402,21.0904,0.864097
91.5021,21.0901,0.864097
91.6021,21.0903,0.864097
91.7021,21.0905,0.8641
91.8054,21.0904,0.864102
91.9051,21.0905,0.864102
92.0051,21.0905,0.864106
92.105,21.0908,0.864108
92.2051,21.0903,0.864106
92.3061,21.0907,0.864107
92.4062,21.0904,0.864108
92.5071,21.0904,0.86411
92.6071,21.0903,0.864109
92.7072,21.0905,0.864116
92.8074,21.0904,0.864113
92.9081,21.0905,0.864111
93.0081,21.0903,0.864111
93.109,21.0903,0.864114
93.2095,21.0902,0.864118
93.3152,21.0927,1.40742
93.4153,21.146,1.40144
93.5161,21.4029,1.38861
93.6162,21.8066,1.37165
93.7171,22.327,1.35015
93.8171,22.751,1.31609
93.9171,22.9861,1.25679
94.0172,22.8385,1.18735
94.1171,22.4006,1.10688
94.2182,21.6353,1.01498
94.3182,20.6195,0.910894
94.4181,19.3409,0.790432
94.5181,17.6448,0.651143
94.6181,15.8502,0.521162
94.7191,14.2307,0.44523
94.8201,13.1127,0.413025
94.9201,12.4431,0.402983
95.0201,12.0648,0.403223
95.1201,11.8958,0.409204
95.2211,11.8556,0.417526
95.321,11.8769,0.425568
95.4211,11.9158,0.431791
95.5253,11.9465,0.435365
95.6251,11.9493,0.435549
95.7251,11.8219,0.432229
95.8272,11.49,0.424988
95.9271,10.9645,0.413991
96.0271,10.3393,0.401088
96.1271,9.65641,0.387205
96.2291,8.93788,0.374855
96.3294,8.19276,0.367168
96.4294,7.48381,0.361818
96.5292,6.86707,0.357378
96.6291,6.37302,0.353202
96.7292,6.05901,0.350862
96.8292,5.85618,0.35015
96.9292,5.7294,0.350694
97.0302,5.6602,0.350933
97.1302,5.62224,0.350955
97.2305,5.60435,0.350983
97.3301,5.59765,0.351002
97.4301,5.59554,0.351007
97.5303,5.59403,0.351009
97.6301,5.59286,0.35101
97.7303,5.59246,0.351009
97.8304,5.59184,0.351005
97.9361,5.59147,0.351008
98.0373,5.59071,0.351009
98.1381,5.58951,0.35101
98.2402,5.58915,0.351015
98.3451,5.54369,1.05465
98.4462,5.39832,1.0525
98.5502,5.33402,1.05112
98.6501,5.34192,1.05032
98.7502,5.36267,1.04935
98.8502,5.3995,1.04823
98.9502,5.46034,1.047
99.0502,5.55247,1.04582
99.1502,5.67639,1.04459
99.2552,5.81454,1.043
99.3572,6.08995,1.04265
99.4602,6.45787,1.04311
99.5612,6.95751,1.04401
99.6612,7.71903,1.04533
99.7613,8.75366,1.03042
99.8622,10.1898,0.996784
99.9623,12.0574,0.96023
100.065,14.5333,0.919446
100.165,17.5052,0.876661
100.265,21.1394,0.831062
100.365,25.4499,0.782957
100.465,30.4762,0.733021
100.565,36.2509,0.682608
100.665,42.3236,0.632759
100.765,47.8909,0.583543
100.865,52.6528,0.537862
100.965,56.4309,0.497447
101.065,59.2758,0.463078
101.165,61.2746,0.434518
101.266,62.6347,0.411268
101.366,63.5268,0.393625
101.466,64.0789,0.380137
101.566,64.4254,0.370508
101.666,64.6274,0.363936
101.767,64.7625,0.359257
101.869,64.8261,0.356564
101.97,64.8741,0.354926
102.069,64.9089,0.353934
102.172,64.926,0.353397
102.272,64.9307,0.353242
102.373,64.9322,0.353184
102.473,64.9333,0.35314
102.573,64.9343,0.353114
102.673,64.9348,0.353089
102.773,64.9355,0.353071
102.874,64.9363,0.353059
102.974,64.9362,0.353063
103.074,64.9364,0.353058
103.174,64.9367,0.353055
103.275,64.9365,0.353062
103.378,64.8071,1.19473
103.48,64.3658,1.19077
103.581,63.7985,1.18393
103.68,63.58,1.17556
103.78,63.6066,1.16575
103.881,63.4371,1.15398
103.983,63.163,1.14058
104.083,63.5516,1.11614
104.186,65.55,1.03174
104.288,69.0579,0.931185
104.392,73.0545,0.811164
104.491,76.3963,0.681001
104.591,78.591,0.555194
104.691,79.746,0.453403
104.791,80.5576,0.376236
104.891,81.4419,0.32049
104.997,82.5712,0.278845
105.097,83.6685,0.249903
105.197,84.5012,0.222656
105.297,84.9649,0.195423
105.397,85.1273,0.171895
105.499,85.1023,0.152932
105.599,85.0359,0.140796
105.701,84.9539,0.132569
105.801,84.928,0.130359
105.901,84.9273,0.130368
106.001,84.9274,0.130369
106.101,84.9275,0.130365
106.201,84.9274,0.130367
106.301,84.9276,0.130368
106.402,84.9273,0.130366
106.502,84.9274,0.130367
106.602,84.9276,0.130368
106.703,84.9272,0.130363
106.803,84.9274,0.130369
106.903,84.9275,0.130367
107.004,84.9274,0.130367
107.104,84.9273,0.130364
107.204,84.9274,0.130367
107.304,84.9273,0.130367
107.404,84.9276,0.130369
107.504,84.9271,0.130364
107.604,84.9273,0.130365
107.704,84.927,0.130361
107.804,84.9273,0.130369
107.904,84.9273,0.130365
108.005,84.9273,0.130371
108.104,84.9273,0.130364
108.204,84.9273,0.130365
108.316,84.9558,1.31406
108.416,85.2105,1.30717
108.52,85.7448,1.29121
108.62,86.5299,1.26889
108.722,87.4648,1.24082
108.825,88.3991,1.20914
108.925,89.3128,1.17516
109.025,90.0847,1.14141
109.125,90.655,1.10659
109.226,91.0045,1.04539
109.326,91.1057,0.981044
109.426,90.9743,0.914324
109.527,90.5852,0.845715
109.627,89.9555,0.778337
109.727,89.1713,0.713825
109.827,88.2823,0.652569
109.928,87.3781,0.595982
110.028,86.5377,0.543302
110.128,85.8142,0.496531
110.228,85.2797,0.454892
110.329,84.8461,0.419718
110.429,84.6159,0.385758
110.538,84.3074,0.349172
110.638,83.8766,0.314692
110.741,83.3122,0.282252
110.841,82.7336,0.255333
110.941,82.1818,0.232678
111.041,81.7191,0.215178
111.141,81.3685,0.202557
111.241,81.0937,0.192789
111.35,80.8525,0.184203
111.45,80.754,0.180783
111.55,80.7258,0.179707
111.65,80.7233,0.179511
111.75,80.7202,0.179331
111.851,80.718,0.179178
111.951,80.7168,0.179075
112.051,80.7149,0.178979
112.151,80.7138,0.178922
112.251,80.7131,0.178884
112.351,80.7109,0.178801
112.452,80.7083,0.1787
112.551,80.7069,0.178648
112.651,80.7041,0.17854
112.752,80.7027,0.178489
112.854,80.7012,0.178435
112.953,80.6996,0.178375
113.053,80.6973,0.178286
113.153,80.6951,0.178202
113.253,80.6933,0.178138
113.357,80.6819,1.17834
113.459,80.6108,1.17202
113.56,80.5332,1.16226
113.661,80.193,1.15035
113.761,79.6737,1.13724
113.869,78.8978,1.12157
113.973,77.9359,1.10583
114.074,76.7949,1.09066
114.174,75.4865,1.07652
114.276,73.9512,1.06357
114.379,72.2503,1.05265
114.478,70.5478,1.04344
114.578,68.7082,1.03543
114.678,66.5794,1.02894
114.778,64.1955,1.02466
114.878,61.6508,0.964745
114.978,59.1202,0.857244
115.078,56.7323,0.750492
115.18,55.6478,0.65367
115.281,57.298,0.588865
115.381,60.5565,0.546711
115.481,63.8661,0.509537
115.582,66.9926,0.476245
115.682,69.6293,0.447412
115.782,71.7753,0.423424
115.883,73.4027,0.404211
115.982,74.5975,0.389763
116.082,75.4486,0.37909
116.182,76.1035,0.371957
116.282,76.4483,0.366041
116.382,76.7089,0.363319
116.482,76.8663,0.362833
116.582,76.9036,0.362555
116.682,76.8482,0.361708
116.784,76.7853,0.360968
116.884,76.7381,0.360376
116.984,76.7026,0.359937
117.085,76.6953,0.359798
117.185,76.6975,0.359729
117.285,76.7158,0.359668
117.385,76.7208,0.35959
117.486,76.7224,0.359556
117.586,76.7236,0.359553
117.687,76.7239,0.359555
117.786,76.7243,0.359556
117.887,76.7246,0.359559
117.986,76.7242,0.359555
118.086,76.7246,0.359557
118.187,76.7246,0.359557
118.287,76.7245,1.50482
118.391,76.4805,1.50558
118.497,75.8339,1.50751
118.597,74.932,1.50985
118.697,73.7631,1.51246
118.797,72.3341,1.51511
118.897,70.6148,1.51772
118.998,68.632,1.52022
119.102,66.3636,1.52261
119.203,63.9979,1.52465
119.302,61.573,1.52607
119.402,59.1338,1.52429
119.504,56.6454,1.49653
119.605,54.206,1.46274
119.706,51.8056,1.41594
119.807,49.1669,1.36575
119.907,46.3277,1.31444
120.007,43.2266,1.26263
120.107,39.8841,1.20961
120.209,36.2809,1.15402
120.309,32.5496,1.09721
120.409,28.6485,1.03892
120.51,24.6665,0.979713
120.613,20.6505,0.919255
120.714,16.7657,0.85948
120.818,13.1086,0.798517
120.918,9.95996,0.741034
121.018,7.28938,0.684332
121.12,5.04824,0.628813
121.223,3.65813,0.593008
121.326,2.82342,0.560333
121.426,2.45779,0.527421
121.526,2.38109,0.495411
121.626,2.40251,0.467089
121.726,2.42835,0.442673
121.826,2.45493,0.422297
121.927,2.47884,0.407329
122.027,2.51939,0.396143
122.128,2.54164,0.388106
122.229,2.55999,0.383286
122.33,2.57719,0.380611
122.433,2.59245,0.378905
122.535,2.60356,0.377782
122.635,2.61225,0.376917
122.735,2.61891,0.376253
122.835,2.62245,0.375915
122.935,2.62447,0.375722
123.046,2.62592,0.375582
123.149,2.62743,0.375451
123.248,2.62891,0.375314
123.354,2.64898,1.26635
123.456,2.72469,1.26102
123.557,2.8639,1.2521
123.657,3.05848,1.23994
123.759,3.36955,1.22402
123.86,3.79647,1.20827
123.959,4.36828,1.19542
124.059,5.10521,1.18757
124.159,6.02481,1.18524
124.259,7.05483,1.17905
124.359,8.09634,1.12971
124.459,9.07227,1.09674
124.56,9.91445,1.0804
124.663,10.5984,1.07814
124.765,11.0767,1.08689
124.865,11.407,1.09664
124.965,11.6138,1.10374
125.065,11.6914,1.10628
125.167,11.5199,1.10369
125.267,11.1016,1.09806
125.367,10.5338,1.0891
125.467,9.80561,1.07567
125.569,8.92453,1.06106
125.668,7.9589,1.04347
125.768,6.99439,1.02913
125.869,6.07714,1.01704
125.969,5.29944,1.00658
126.068,4.66498,0.997307
126.17,4.14716,0.988623
126.27,3.77754,0.981111
126.37,3.65239,0.976891
126.472,3.66103,0.975313
126.575,3.66351,0.974227
126.674,3.66371,0.973624
126.775,3.66398,0.973392
126.874,3.66409,0.973355
126.974,3.66443,0.9734
127.074,3.66493,0.973438
127.174,3.66514,0.973455
127.274,3.66508,0.973455
127.375,3.66513,0.973458
127.474,3.66512,0.973453
127.574,3.66515,0.973453
127.675,3.66494,0.973445
127.775,3.66518,0.973447
127.875,3.66517,0.973445
127.975,3.66504,0.973444
128.074,3.6652,0.973446
128.174,3.66519,0.973444
128.277,3.6652,0.973442
128.381,3.74566,1.18244
128.483,3.90875,1.16762
128.584,3.89782,1.15174
128.684,3.78122,1.14065
128.784,3.63475,1.13621
128.889,3.56386,1.13827
128.989,3.57503,1.14598
129.09,3.60399,1.15749
129.192,3.632,1.17133
129.293,3.65014,1.18648
129.394,3.66827,1.16057
129.497,3.69688,1.09608
129.597,3.76803,1.03139
129.698,3.92079,0.966834
129.799,4.13704,0.906325
129.9,4.40754,0.854782
130.001,4.64048,0.81222
130.102,4.80796,0.778793
130.202,4.9602,0.753629
130.302,5.08835,0.735407
130.402,5.19703,0.722131
130.503,5.3161,0.712357
130.604,5.47044,0.704472
130.704,5.6316,0.698577
130.806,5.71284,0.694855
130.906,5.72674,0.692679
131.008,5.72825,0.691412
131.107,5.72987,0.690685
131.208,5.72752,0.690158
131.308,5.7256,0.689775
131.407,5.7274,0.6896
131.507,5.73025,0.689518
131.607,5.73397,0.689496
131.707,5.74413,0.689342
131.807,5.75451,0.689269
131.908,5.76366,0.689162
132.008,5.76731,0.689227
132.108,5.77016,0.689323
132.208,5.77257,0.689443
132.307,5.77488,0.689563
132.408,5.77736,0.689725
132.507,5.77988,0.689866
132.607,5.78274,0.690042
132.708,5.78591,0.690257
132.807,5.78974,0.69048
132.908,5.79517,0.690846
133.009,5.80242,0.691343
133.11,5.80852,0.691762
133.21,5.81321,0.692096
133.316,5.8056,1.51306
133.417,5.6024,1.5123
133.517,5.25412,1.51208
133.617,4.82514,1.51225
133.716,4.34376,1.5127
133.823,3.86903,1.5132
133.923,3.42836,1.51306
134.023,3.06403,1.51228
134.124,2.74836,1.51114
134.224,2.51617,1.50966
134.324,2.39996,1.50883
134.424,2.30776,1.50868
134.524,2.29177,1.50963
134.625,2.2972,1.50599
134.729,2.30715,1.48397
134.828,2.31949,1.46366
134.928,2.32684,1.44539
135.029,2.34336,1.42798
135.129,2.36342,1.41136
135.229,2.37135,1.39732
135.33,2.38785,1.38499
135.436,2.39598,1.37576
135.537,2.40007,1.36916
135.637,2.40394,1.36429
135.74,2.39467,1.36332
135.84,2.37501,1.36448
135.94,2.35008,1.36654
136.04,2.31971,1.36894
136.144,2.28498,1.37158
136.245,2.24249,1.37571
136.345,2.20805,1.3798
136.445,2.20503,1.38438
136.547,2.20071,1.39047
136.647,2.19995,1.39606
136.751,2.17035,1.40039
136.851,2.14855,1.40337
136.951,2.13411,1.40519
137.052,2.12924,1.40586
137.152,2.13114,1.40587
137.252,2.13615,1.40585
137.351,2.13759,1.40585
137.452,2.13822,1.40585
137.552,2.13874,1.40584
137.652,2.139,1.40584
137.752,2.13903,1.40584
137.852,2.13922,1.40584
137.952,2.13935,1.40584
138.052,2.13929,1.40584
138.152,2.1394,1.40584
138.252,2.13945,1.40584
138.356,2.13135,1.19406
138.457,2.12447,1.19047
138.557,2.12392,1.18476
138.657,2.12229,1.17737
138.757,2.11861,1.16922
138.857,2.11278,1.16074
138.957,2.1005,1.15295
139.057,2.08176,1.14604
139.159,2.05954,1.14028
139.259,2.03271,1.13557
139.359,1.99711,1.12218
139.459,1.9551,1.11036
139.56,1.90796,1.10207
139.661,1.85667,1.09897
139.761,1.81674,1.09748
139.861,1.80989,1.09742
139.961,1.82069,1.0959
140.061,1.80616,1.09559
140.161,1.78242,1.09627
140.261,1.7799,1.09567
140.361,1.789,1.09585
140.462,1.80748,1.09641
140.562,1.82207,1.09685
140.662,1.82604,1.09698
140.762,1.82618,1.09699
140.862,1.8264,1.09701
140.962,1.82652,1.09702
141.062,1.82655,1.09703
141.164,1.8266,1.09704
141.277,1.82661,1.09704
141.377,1.82668,1.09705
141.477,1.82676,1.09705
141.577,1.82679,1.09706
141.677,1.82674,1.09706
141.777,1.82672,1.09706
141.88,1.8268,1.09707
141.98,1.82684,1.09707
142.08,1.82678,1.09707
142.182,1.82687,1.09707
142.282,1.82687,1.09708
142.382,1.82685,1.09708
142.483,1.82689,1.09708
142.584,1.82689,1.09708
142.684,1.82686,1.09708
142.784,1.82695,1.09709
142.886,1.82674,1.09708
142.986,1.82692,1.09708
143.086,1.82688,1.09708
143.186,1.82689,1.09709
143.286,1.8268,1.2843
143.395,1.81083,1.28284
143.496,1.77526,1.27932
143.596,1.72536,1.27424
143.696,1.6726,1.26789
143.796,1.61903,1.26063
143.898,1.56437,1.25216
144.002,1.5083,1.24233
144.102,1.45704,1.23237
144.202,1.39728,1.22114
144.302,1.33741,1.20945
144.402,1.27637,1.19696
144.502,1.20783,1.18393
144.602,1.13714,1.17057
144.704,1.06108,1.15687
144.807,0.981763,1.14317
144.91,0.906629,1.13015
145.01,0.843388,1.11747
145.11,0.796182,1.10607
145.21,0.752722,1.09539
145.311,0.711164,1.08531
145.411,0.671371,1.07606
145.512,0.630324,1.0674
145.612,0.594239,1.05977
145.712,0.564437,1.0535
145.812,0.537907,1.04849
145.912,0.515472,1.04441
146.012,0.507881,1.04182
146.112,0.505801,1.04048
146.214,0.521358,1.03997
146.314,0.561448,1.04018
146.414,0.613722,1.04083
146.514,0.643017,1.04167
146.614,0.664289,1.04245
146.714,0.685935,1.00056
146.814,0.719833,0.91874
146.914,0.760158,0.835187
147.014,0.838659,0.751554
147.114,0.927731,0.668854
147.214,1.10299,0.596894
147.314,1.5188,0.549501
147.415,2.19819,0.523013
147.515,3.06429,0.507513
147.615,3.94697,0.493719
147.716,4.70291,0.482409
147.816,5.27694,0.471501
147.916,5.65787,0.463343
148.016,5.90985,0.459323
148.116,5.99902,0.456938
148.216,6.01927,0.455704
148.316,6.01187,1.18593
148.417,5.91699,1.18346
148.518,5.87081,1.1806
148.618,5.87435,1.1778
148.718,5.86296,1.17445
148.822,5.85013,1.1707
148.922,5.85937,1.16741
149.022,5.92417,1.16489
149.123,6.02925,1.16262
149.223,6.19037,1.16055
149.323,6.37558,1.15887
149.423,6.61103,1.15751
149.523,6.88038,1.156
149.623,7.14547,1.15382
149.723,7.44961,1.15103
149.823,7.90166,1.14904
149.923,8.45319,1.1466
150.023,9.13199,1.14307
150.123,9.9548,1.13833
150.223,10.9095,1.13072
150.323,12.0245,1.09209
150.423,13.3837,1.04785
150.524,15.1262,1.00161
150.624,17.4169,0.955071
150.724,20.4031,0.909271
150.825,24.3087,0.863991
150.925,29.1654,0.822029
151.026,35.1599,0.783151
151.126,41.9875,0.74862
151.226,49.4471,0.718024
151.326,57.0443,0.691683
151.426,64.2194,0.669022
151.527,70.1711,0.651139
151.627,74.2356,0.637345
151.727,75.9538,0.627952
151.828,76.1411,0.621932
151.929,75.7211,0.618072
152.029,75.3106,0.616138
152.129,75.0752,0.617058
152.234,75.0163,0.619711
152.334,74.9784,0.622186
152.435,74.9538,0.623689
152.535,74.9328,0.624798
152.635,74.9161,0.62571
152.735,74.9,0.626594
152.835,74.909,0.62738
152.935,74.9088,0.627737
153.035,74.9112,0.627833
153.135,74.912,0.62791
153.235,74.9115,0.628003
153.339,74.9092,1.00389
153.439,74.9994,1.00362
153.539,75.1735,1.00326
153.639,75.2631,1.00292
153.74,75.3284,1.00252
153.84,75.3602,1.00214
153.94,75.3845,1.00179
154.04,75.439,1.00153
154.14,75.5309,1.00142
154.24,75.6768,1.0014
154.34,75.8232,1.00142
154.44,75.8053,1.00137
154.54,75.7084,1.0013
154.641,75.5592,1.00123
154.741,75.4006,1.00114
154.841,75.2262,1.00108
154.943,75.0688,1.00104
155.044,74.939,1.00101
155.145,74.8392,1.001
155.248,74.7987,1.00099
155.348,74.7684,1.00099
155.449,74.7399,1.00099
155.55,74.7097,1.00099
155.651,74.6655,1.00099
155.752,74.634,1.00099
155.852,74.6009,1.00098
155.952,74.5645,1.00098
156.053,74.532,1.00098
156.155,74.5245,1.00099
156.257,74.5214,1.00099
156.357,74.5187,1.00099
156.458,74.5173,1.00099
156.56,74.5162,1.00099
156.66,74.5151,1.00099
156.76,74.5144,1.00099
156.862,74.5135,1.00099
156.963,74.5131,1.00099
157.063,74.5129,1.00099
157.163,74.5124,1.00099
157.263,74.5123,1.00099
157.363,74.5118,1.00099
157.463,74.5117,1.00099
157.563,74.511,1.00099
157.663,74.511,1.00099
157.763,74.5112,1.00099
157.863,74.5109,1.00099
157.963,74.5104,1.00099
158.063,74.5106,1.00099
158.163,74.5101,1.00099
158.264,74.5101,1.00099
158.374,74.6812,1.70454
158.474,74.7514,1.69556
158.574,74.9709,1.68126
158.676,75.2126,1.6623
158.776,75.1788,1.64058
158.901,74.5005,1.59728
159.001,73.3483,1.54932
159.101,71.9797,1.49786
159.201,71.4346,1.44301
159.302,71.262,1.3854
159.402,70.6151,1.32862
159.502,70.435,1.2748
159.603,71.534,1.20998
159.703,74.1247,1.13339
159.803,78.0352,1.04868
159.903,82.6162,0.963174
160.003,87.306,0.882985
160.105,92.1962,0.808899
160.205,97.3288,0.742999
160.307,103.26,0.679759
160.407,109.398,0.623454
160.507,115.296,0.579376
160.607,120.639,0.545272
160.709,125.169,0.520473
160.81,128.728,0.501667
160.912,131.282,0.490919
161.014,133.011,0.483587
161.116,133.792,0.479161
161.216,134.193,0.477058
161.316,134.491,0.475355
161.416,134.681,0.474449
161.516,134.778,0.473836
161.616,134.818,0.473398
161.716,134.838,0.473074
161.816,134.858,0.472814
161.917,134.873,0.472598
162.017,134.886,0.472428
162.117,134.901,0.472236
162.217,134.91,0.472111
162.317,134.917,0.472031
162.417,134.922,0.471971
162.517,134.924,0.471932
162.617,134.926,0.471905
162.717,134.928,0.471888
162.817,134.93,0.471859
162.92,134.931,0.471842
163.02,134.931,0.47184
163.12,134.932,0.471832
163.22,134.932,0.471827
163.322,134.795,1.73205
163.422,133.486,1.73205
163.526,131.318,1.73205
163.628,128.347,1.73205
163.728,124.669,1.73205
163.829,120.383,1.73205
163.929,115.9,1.73205
164.029,111.463,1.73205
164.129,107.38,1.73205
164.232,103.685,1.73205
164.334,100.602,1.73205
164.434,97.6805,1.73205
164.534,94.7286,1.73205
164.634,91.9875,1.73205
164.734,89.4985,1.73205
164.834,87.0634,1.73205
164.934,84.3933,1.73205
165.034,81.1831,1.73205
165.134,77.0874,1.73205
165.235,71.7527,1.73205
165.335,67.6824,1.73205
165.435,63.9545,1.73205
165.535,58.4985,1.73205
165.635,52.0489,1.65626
165.735,45.3974,1.58671
165.835,39.5162,1.53399
165.935,34.5179,1.49946
166.035,29.6844,1.48149
166.135,24.9743,1.47497
166.235,21.0009,1.47436
166.335,17.6508,1.47777
166.435,14.8483,1.45757
166.535,12.6559,1.42549
166.636,10.6987,1.39616
166.737,8.92818,1.37677
166.837,7.62601,1.36681
166.937,6.77586,1.36129
167.037,6.29609,1.35909
167.137,6.06054,1.35799
167.238,6.00363,1.3574
167.339,5.97416,1.35707
167.441,5.94456,1.35666
167.541,5.91658,1.35636
167.641,5.85625,1.35588
167.741,5.80285,1.35542
167.841,5.76612,1.3551
167.941,5.74676,1.35499
168.041,5.74162,1.35486
168.141,5.74219,1.35475
168.241,5.74285,1.35465
168.346,5.68907,1.16191
168.446,5.41013,1.1437
168.548,4.88801,1.11199
168.648,4.22922,1.06929
168.748,3.63155,1.0207
168.848,3.11615,0.968067
168.948,2.56909,0.907177
169.048,1.98458,0.837963
169.148,1.4086,0.765123
169.251,0.944416,0.697202
169.353,0.666181,0.647204
169.453,0.517259,0.615466
169.556,0.45013,0.597549
169.656,0.437128,0.591615
169.756,0.44837,0.591498
169.856,0.458276,0.592017
169.958,0.465261,0.591999
170.058,0.467277,0.591525
170.158,0.466889,0.590876
170.258,0.466347,0.589921
170.358,0.46604,0.588706
170.458,0.465353,0.587321
170.558,0.46435,0.585938
170.658,0.464834,0.584613
170.763,0.46289,0.583217
170.868,0.456921,0.581629
170.968,0.452306,0.57987
171.071,0.439621,0.577027
171.173,0.423365,0.57388
171.275,0.420853,0.57145
171.375,0.426173,0.569022
171.475,0.43361,0.566171
171.575,0.441348,0.563297
171.675,0.449101,0.560475
171.775,0.45724,0.557525
171.875,0.465449,0.554499
171.975,0.4719,0.552167
172.075,0.476708,0.550446
172.175,0.4816,0.548638
172.275,0.486982,0.546645
172.375,0.492132,0.544723
172.475,0.496738,0.54302
172.575,0.501091,0.541429
172.675,0.505237,0.539867
172.775,0.509389,0.538251
172.875,0.515097,0.536195
172.975,0.520517,0.534029
173.075,0.525001,0.532248
173.175,0.528648,0.53069
173.275,0.531008,0.529654
173.38,0.529391,1.4575
173.48,0.525608,1.45771
173.581,0.523172,1.45785
173.681,0.520548,1.45799
173.782,0.517498,1.45816
173.885,0.514254,1.45834
173.985,0.509709,1.45858
174.085,0.504634,1.45886
174.185,0.499676,1.45916
174.285,0.493427,1.45953
174.385,0.48797,1.45998
174.485,0.484272,1.46042
174.586,0.484792,1.46083
174.686,0.484381,1.46123
174.786,0.486188,1.44835
174.886,0.488612,1.43004
174.986,0.493172,1.41086
175.086,0.50078,1.39118
175.186,0.508843,1.37092
175.286,0.520121,1.35035
175.386,0.535647,1.33
175.486,0.554814,1.30983
175.586,0.579939,1.27994
175.687,0.614682,1.24019
175.787,0.66328,1.20258
175.887,0.713641,1.16675
175.988,0.763365,1.13252
176.088,0.826835,1.1016
176.191,0.924458,1.0714
176.291,1.03807,1.04136
176.393,1.1742,1.01548
176.493,1.30871,0.997685
176.593,1.44831,0.984065
176.693,1.61149,0.971364
176.793,1.75618,0.964071
176.893,1.89338,0.95699
176.994,2.01756,0.951563
177.094,2.12007,0.946973
177.194,2.15514,0.946185
177.298,2.15891,0.946198
177.398,2.15727,0.946176
177.506,2.15623,0.946158
177.606,2.15624,0.946151
177.707,2.15628,0.946142
177.807,2.15625,0.946134
177.908,2.15627,0.946127
178.008,2.15646,0.946107
178.109,2.15673,0.946008
178.21,2.15717,0.94593
178.313,2.14647,1.22532
178.416,2.04396,1.22062
178.519,1.87434,1.2113
178.62,1.65134,1.19875
178.724,1.39703,1.18353
178.824,1.15351,1.16756
178.923,0.933019,1.14527
179.024,0.745081,1.11071
179.124,0.585053,1.08325
179.225,0.448422,1.06516
179.327,0.382178,1.04697
179.428,0.377429,1.03836
179.528,0.382827,1.03495
179.628,0.384752,1.03323
179.728,0.383575,1.03227
179.828,0.380254,1.03159
179.93,0.374879,1.03099
180.03,0.367447,1.03036
180.13,0.358131,1.02958
180.23,0.350203,1.0289
180.33,0.344731,1.02846
180.43,0.341116,1.02821
180.53,0.337973,1.02798
180.63,0.334528,1.02768
180.73,0.332665,1.02755
180.83,0.332429,1.02753
180.93,0.332456,1.02753
181.03,0.332478,1.02753
181.131,0.332491,1.02753
181.231,0.332496,1.02753
181.332,0.332494,1.02754
181.433,0.332518,1.02754
181.532,0.332515,1.02753
181.632,0.332535,1.02754
181.733,0.332513,1.02754
181.834,0.332531,1.02754
181.935,0.332539,1.02754
182.037,0.332534,1.02754
182.137,0.332546,1.02754
182.237,0.332547,1.02754
182.337,0.332534,1.02754
182.438,0.33254,1.02754
182.539,0.332554,1.02754
182.639,0.332555,1.02754
182.738,0.332531,1.02754
182.838,0.332552,1.02754
182.938,0.332555,1.02754
183.039,0.332569,1.02754
183.139,0.332554,1.02754
183.241,0.332546,1.02754
183.346,0.33895,1.40842
183.446,0.378489,1.40197
183.551,0.456813,1.39005
183.652,0.568216,1.37484
183.752,0.715453,1.35713
183.852,0.899423,1.33754
183.952,1.12083,1.31682
184.052,1.36978,1.29653
184.152,1.63657,1.27753
184.253,1.91846,1.25992
184.352,2.20451,1.24432
184.452,2.48561,1.23103
184.552,2.7624,1.2198
184.653,3.03077,1.21065
184.753,3.28472,1.19949
184.853,3.52404,1.18572
184.953,3.74557,1.17268
185.053,3.95974,1.16002
185.155,4.20608,1.14736
185.254,4.49288,1.13433
185.355,4.75088,1.12289
185.455,5.02792,1.11236
185.555,5.32261,1.10166
185.656,5.63993,1.09042
185.758,5.9774,1.079
185.861,6.34323,1.06732
185.962,6.72182,1.05577
186.062,7.12847,1.04357
186.162,7.59813,1.02916
186.262,8.07656,1.01473
186.363,8.58608,1.00019
186.464,9.02807,0.989079
186.566,9.47368,0.978052
186.666,9.94605,0.966639
186.769,10.4277,0.955356
186.87,10.9523,0.942125
186.971,11.4278,0.930811
187.071,11.915,0.919166
187.175,12.3901,0.90855
187.275,12.8802,0.897874
187.375,13.3803,0.887754
187.475,13.7989,0.880434
187.577,14.2077,0.873334
187.677,14.6833,0.864762
187.777,15.1475,0.856346
187.877,15.7037,0.846824
187.977,16.2926,0.837676
188.077,16.747,0.830876
188.177,17.0761,0.824638
188.277,17.2742,0.820393
188.383,16.957,1.72136
188.483,15.9919,1.71083
188.583,14.4904,1.69432
188.683,12.5892,1.67403
188.783,10.3244,1.64986
188.883,7.86395,1.62223
188.983,5.43006,1.59194
189.083,3.24851,1.5615
189.184,1.55637,1.53331
189.284,0.522226,1.50925
189.384,0.0956708,1.47416
189.486,0.0522548,1.44446
189.586,0.129523,1.38176
189.686,0.153828,1.27045
189.786,0.0997955,1.16459
189.886,0.0578391,1.08172
189.987,0.0618634,1.02372
190.087,0.103756,0.983219
190.187,0.176005,0.952546
190.287,0.265037,0.926882
190.387,0.344688,0.903444
190.488,0.403221,0.881058
190.589,0.426351,0.858221
190.689,0.429543,0.835407
190.789,0.429719,0.812935
190.889,0.42642,0.791946
190.989,0.420097,0.772197
191.089,0.41582,0.754725
191.19,0.412656,0.739342
191.29,0.410507,0.726134
191.391,0.408569,0.714524
191.492,0.406327,0.704309
191.594,0.402522,0.694795
191.693,0.398232,0.686523
191.794,0.394406,0.679435
191.895,0.391467,0.673309
191.997,0.389433,0.668178
192.097,0.386527,0.663487
192.198,0.380905,0.658811
192.298,0.374331,0.654464
192.401,0.367821,0.649825
192.501,0.358143,0.644896
192.601,0.348353,0.640199
192.702,0.338805,0.635802
192.802,0.324956,0.631616
192.902,0.315846,0.627851
193.002,0.31011,0.623965
193.103,0.310565,0.619895
193.202,0.307906,0.613661
193.305,0.296328,1.7218
193.406,0.265016,1.7046
193.507,0.263316,1.68457
193.607,0.307893,1.66285
193.707,0.378582,1.63562
193.807,0.476842,1.60414
193.907,0.616315,1.56995
194.007,0.81967,1.53441
194.107,1.13646,1.50014
194.208,1.6389,1.46871
194.309,2.38108,1.44264
194.409,3.49444,1.4248
194.51,5.11965,1.41569
194.617,7.53732,1.4148
194.72,10.5757,1.40634
194.82,14.0999,1.3592
194.92,18.2083,1.32118
195.02,23.0288,1.29209
195.12,28.3656,1.27047
195.22,33.9029,1.25486
195.32,39.4031,1.24454
195.42,44.8381,1.22595
195.52,50.2364,1.15888
195.63,55.9301,1.09122
195.73,60.5932,1.03496
195.83,64.4034,0.981763
195.93,67.1196,0.930218
196.031,68.5629,0.881222
196.131,68.7996,0.834988
196.231,67.8457,0.791995
196.331,65.5823,0.750633
196.431,62.0242,0.711733
196.533,57.523,0.674263
196.633,53.0989,0.638954
196.736,47.7935,0.603598
196.838,42.089,0.569128
196.938,36.6241,0.536872
197.039,31.6211,0.506047
197.14,27.2577,0.47775
197.24,23.6225,0.452938
197.341,20.5275,0.430441
197.441,18.0777,0.410756
197.544,16.1765,0.394168
197.644,15.4931,0.385805
197.744,15.5368,0.385691
197.844,15.5483,0.386175
197.944,15.4944,0.386585
198.044,15.4054,0.387563
198.144,15.3595,0.388002
198.244,15.3608,0.38782
198.346,15.2789,0.796194
198.446,14.867,0.788568
198.546,14.25,0.77706
198.646,13.7537,0.767298
198.746,13.5953,0.763145
198.846,13.6748,0.763104
198.946,13.7597,0.763162
199.048,13.8331,0.763194
199.149,13.9086,0.762918
199.25,14.0075,0.762047
199.35,14.1555,0.760147
199.452,14.368,0.757529
199.553,14.4957,0.756286
199.654,14.5819,0.755515
199.755,14.6895,0.754411
199.855,14.9505,0.751165
199.956,15.1863,0.748325
200.056,15.2678,0.747661
200.157,15.3371,0.747187
200.257,15.4513,0.746132
200.357,15.6329,0.744029
200.457,15.7675,0.742421
200.557,15.8029,0.742025
200.657,15.8249,0.741676
200.757,15.8553,0.741401
200.857,15.9059,0.740972
200.958,16.0167,0.740076
201.058,16.2127,0.73804
201.159,16.5247,0.734214
201.259,16.6918,0.732782
201.359,16.8034,0.732222
201.459,16.9176,0.731357
201.559,17.143,0.728807
201.66,17.3754,0.726394
201.761,17.5003,0.725691
201.861,17.6605,0.724547
201.962,18.0019,0.720848
202.063,18.2991,0.717685
202.163,18.4744,0.716557
202.263,18.686,0.714606
202.363,18.9397,0.712123
202.463,19.0733,0.711494
202.563,19.1623,0.711128
202.663,19.2671,0.710312
202.763,19.4589,0.708292
202.864,19.7202,0.705151
202.964,19.8261,0.704366
203.064,19.8841,0.704266
203.167,19.9525,0.704091
203.267,20.0158,0.703815
203.371,20.2178,1.31194
203.471,20.9901,1.32125
203.571,22.0782,1.33391
203.671,23.446,1.34869
203.771,24.9305,1.36275
203.871,26.4126,1.3738
203.971,27.9392,1.3799
204.074,30.1282,1.37903
204.174,33.1984,1.37197
204.274,37.0706,1.35913
204.377,41.9039,1.34186
204.477,47.4049,1.32132
204.577,53.6127,1.29743
204.677,60.4148,1.27082
204.777,67.4393,1.2419
204.877,74.1601,1.21122
204.977,79.9313,1.17929
205.077,83.7884,1.14724
205.177,84.6136,1.08
205.277,81.1712,0.98567
205.377,73.0903,0.901755
205.477,61.4771,0.830831
205.579,49.0059,0.770338
205.683,43.0013,0.705874
205.784,39.3578,0.661282
205.886,36.957,0.636631
205.986,35.558,0.627393
206.087,34.741,0.627168
206.189,34.1659,0.631431
206.29,33.5506,0.635644
206.39,33.0716,0.639554
206.49,32.4483,0.641035
206.59,31.8504,0.641159
206.69,31.3602,0.640623
206.79,31.0826,0.640073
206.89,31.0155,0.64014
206.99,31.006,0.640068
207.09,30.987,0.639802
207.19,30.958,0.639406
207.29,30.911,0.638765
207.39,30.8647,0.63812
207.49,30.8276,0.637614
207.59,30.7833,0.637031
207.69,30.7356,0.636365
207.79,30.6889,0.635742
207.89,30.6075,0.634803
207.99,30.5156,0.633972
208.09,30.4059,0.633171
208.191,30.3208,0.632729
208.292,30.2942,1.42603
208.397,30.5022,1.42544
208.498,30.8916,1.42422
208.598,31.3046,1.42257
208.699,31.6956,1.42057
208.799,31.8545,1.41852
208.9,31.9561,1.41656
209,32.0636,1.40949
209.102,32.2252,1.37504
209.205,32.425,1.33808
209.305,32.5494,1.30146
209.408,32.9389,1.2633
209.508,33.3757,1.16803
209.609,33.257,1.04778
209.709,32.1359,0.942098
209.809,31.2665,0.871638
209.911,31.7393,0.835606
210.011,32.9947,0.823652
210.112,34.253,0.82346
210.213,35.3589,0.829363
210.313,36.2797,0.837588
210.413,36.8761,0.843905
210.514,37.2866,0.848402
210.614,37.2732,0.848297
210.714,36.5836,0.841459
210.814,35.1111,0.827066
210.914,33.0293,0.807608
211.014,30.3645,0.783455
211.114,27.4637,0.757566
211.214,25.1775,0.736626
211.315,23.746,0.722849
211.417,23.0425,0.715726
211.523,22.9629,0.713997
211.625,22.9877,0.713688
211.726,23.0231,0.713699
211.826,23.0874,0.713928
211.927,23.1547,0.714216
212.027,23.207,0.714448
212.128,23.2553,0.714663
212.228,23.2766,0.714777
212.328,23.2843,0.714829
212.428,23.2886,0.714855
212.528,23.2899,0.714867
212.628,23.2907,0.714874
212.73,23.2915,0.714878
212.83,23.2921,0.714885
212.93,23.2926,0.714892
213.03,23.2928,0.714893
213.131,23.2927,0.714895
213.231,23.2929,0.714899
213.337,23.2665,1.34509
213.437,23.0929,1.33867
213.537,22.8409,1.3281
213.637,22.5663,1.31373
213.737,22.2879,1.29626
213.85,21.9741,1.27401
213.95,21.6672,1.2522
214.05,21.3691,1.22865
214.15,21.0464,1.20489
214.251,20.689,1.18178
214.352,20.2665,1.15912
214.458,19.7558,1.12478
214.558,19.204,1.08884
214.657,18.594,1.05215
214.758,17.9217,1.01487
214.858,17.2124,0.977327
214.958,16.4723,0.940669
215.058,15.6736,0.9073
215.158,14.6794,0.879849
215.257,13.3039,0.858703
215.358,11.4764,0.841593
215.46,9.22095,0.824566
215.56,6.96496,0.808176
215.661,5.23783,0.795112
215.761,4.06115,0.786301
215.865,3.37708,0.782422
215.964,3.06536,0.7806
216.066,2.94749,0.781887
216.168,2.9399,0.782551
216.272,2.95148,0.783295
216.374,2.96816,0.78426
216.474,2.9861,0.785319
216.576,3.00425,0.786335
216.675,3.01511,0.786973
216.776,3.01833,0.78717
216.875,3.01822,0.787169
216.975,3.01793,0.787161
217.076,3.01788,0.787162
217.176,3.01791,0.787164
217.275,3.01768,0.787157
217.375,3.01771,0.78716
217.475,3.01757,0.787158
217.575,3.01755,0.787156
217.676,3.01756,0.787157
217.776,3.01753,0.787161
217.876,3.01738,0.787157
217.977,3.01746,0.78716
218.079,3.0174,0.787162
218.179,3.01745,0.787165
218.281,3.01737,0.787164
218.386,3.14241,1.05122
218.486,3.45844,1.02946
218.586,3.86657,0.997776
218.688,4.39288,0.955518
218.79,5.13439,0.904535
218.894,6.10691,0.844595
218.995,7.39111,0.781576
219.097,9.07003,0.710331
219.197,11.0521,0.63816
219.297,13.0194,0.572809
219.397,14.9206,0.522474
219.498,16.536,0.488263
219.598,17.8723,0.465314
219.7,18.8702,0.4501
219.799,19.6442,0.440312
219.9,20.2607,0.432781
220,20.9957,0.427202
220.1,21.5298,0.423981
220.2,21.8071,0.424109
220.3,21.9389,0.423908
220.403,21.9637,0.423441
220.502,21.977,0.423355
220.603,21.9911,0.423296
220.705,22.008,0.4232
220.808,22.0157,0.423174
220.908,22.0246,0.423131
221.008,22.0368,0.423059
221.111,22.043,0.423022
221.21,22.0476,0.422997
221.31,22.0517,0.422974
221.41,22.0547,0.422959
221.511,22.0562,0.422949
221.611,22.0576,0.422942
221.711,22.0583,0.42294
221.812,22.0588,0.42294
221.912,22.0595,0.422938
222.012,22.0596,0.422938
222.113,22.06,0.422937
222.212,22.0604,0.422935
222.312,22.0601,0.422941
222.412,22.0605,0.422939
222.512,22.061,0.422934
222.613,22.0609,0.422937
222.712,22.0611,0.422939
222.812,22.0609,0.42294
222.912,22.0617,0.422932
223.013,22.0614,0.422935
223.115,22.0616,0.422937
223.215,22.0616,0.422938
223.323,22.0238,1.41998
223.423,21.6998,1.42027
223.525,21.2012,1.42096
223.625,20.5882,1.42191
223.725,19.9458,1.42334
223.825,19.2697,1.4253
223.925,18.6262,1.42801
224.027,17.8538,1.43148
224.129,17.0253,1.43591
224.229,16.0881,1.44123
224.331,15.0782,1.44761
224.43,14.0613,1.45498
224.532,13.3168,1.46405
224.633,12.6315,1.47429
224.733,11.8822,1.48525
224.833,11.1897,1.49711
224.934,10.5841,1.50983
225.033,9.9892,1.52267
225.133,9.49342,1.53542
225.233,9.25375,1.54809
225.334,9.19956,1.56013
225.436,9.39563,1.57082
225.536,9.69706,1.58028
225.636,10.1661,1.58843
225.736,10.7082,1.59505
225.836,11.2683,1.60015
225.936,11.8843,1.60295
226.037,12.3207,1.60396
226.137,12.5743,1.60284
226.237,12.8787,1.59884
226.337,13.2955,1.54174
226.439,14.0454,1.4685
226.538,15.1473,1.3769
226.638,16.637,1.27068
226.738,18.6554,1.1708
226.839,20.8194,1.07697
226.941,22.9538,0.994009
227.041,25.6293,0.929323
227.146,29.0972,0.878094
227.245,33.1351,0.838115
227.347,37.4607,0.805208
227.448,41.5938,0.777095
227.55,45.3993,0.746367
227.65,48.7287,0.714274
227.75,51.5297,0.685106
227.851,54.255,0.660568
227.951,57.1446,0.640437
228.052,60.2823,0.621086
228.153,63.6294,0.600529
228.254,67.157,0.57819
228.361,70.6192,0.868962
228.463,72.9568,0.852674
228.565,74.1664,0.831895
228.666,74.2712,0.806188
228.766,73.4943,0.775549
228.866,72.242,0.737892
228.966,70.695,0.690257
229.067,68.734,0.629962
229.167,66.4425,0.554383
229.267,63.9895,0.468085
229.367,62.0678,0.395224
229.467,60.8512,0.341035
229.568,60.1354,0.299956
229.668,59.8428,0.270429
229.768,59.7494,0.249612
229.868,59.7193,0.237452
229.968,59.6576,0.228738
230.069,59.5293,0.2226
230.169,59.3505,0.218398
230.27,59.2418,0.215928
230.371,59.2233,0.215302
230.475,59.2157,0.215139
230.578,59.2079,0.21493
230.679,59.2019,0.214791
230.779,59.1982,0.214695
230.879,59.1961,0.214588
230.979,59.1947,0.214558
231.079,59.1943,0.214546
231.179,59.1935,0.214536
231.279,59.1935,0.214531
231.379,59.1934,0.214526
231.479,59.1929,0.214521
231.579,59.1928,0.214519
231.679,59.1929,0.214515
231.779,59.1926,0.214512
231.88,59.1926,0.214509
231.981,59.1924,0.214505
232.081,59.1923,0.214502
232.195,59.1926,0.214502
232.295,59.1924,0.214499
232.396,59.1922,0.2145
232.499,59.192,0.214494
232.598,59.192,0.214493
232.698,59.1915,0.214489
232.798,59.1919,0.214491
232.898,59.1917,0.214489
232.999,59.1916,0.214487
233.101,59.1914,0.214485
233.204,59.1917,0.21449
233.307,59.1904,1.73205
233.407,59.051,1.73205
233.507,58.5678,1.73205
233.607,57.8654,1.72422
233.707,57.255,1.70826
233.812,56.9476,1.68941
233.912,57.1673,1.66974
234.012,57.5898,1.63594
234.112,57.6978,1.58011
234.213,56.6458,1.51446
234.313,53.4453,1.44567
234.413,47.5395,1.37914
234.515,39.4976,1.31879
234.616,31.6428,1.26891
234.718,25.6797,1.22434
234.82,22.5115,1.1511
234.92,22.4937,1.08379
235.021,26.5041,1.02235
235.121,33.8521,0.965917
235.221,42.7982,0.910883
235.321,52.1056,0.860562
235.421,60.3984,0.817476
235.521,67.0634,0.781699
235.621,72.0336,0.753068
235.721,75.665,0.729773
235.821,78.2176,0.709353
235.922,80.0556,0.689575
236.022,81.4022,0.669818
236.122,82.4551,0.648894
236.224,83.1526,0.627048
236.325,83.2064,0.604888
236.425,83.2419,0.586338
236.525,83.3147,0.570864
236.625,83.1826,0.558048
236.725,82.4584,0.545995
236.825,81.4194,0.536058
236.925,80.1737,0.527117
237.025,78.9835,0.520924
237.125,77.5807,0.514198
237.225,76.7362,0.510976
237.325,76.3892,0.510839
237.425,75.9761,0.509931
237.527,75.9342,0.510257
237.629,75.9519,0.510546
237.732,75.9561,0.510654
237.832,75.9602,0.510717
237.932,75.96,0.510749
238.032,75.9562,0.51077
238.132,75.9523,0.510808
238.236,75.9491,0.510809
238.343,76.1501,1.41545
238.445,77.1199,1.41513
238.547,78.8473,1.41466
238.647,80.9845,1.41431
238.747,83.621,1.41424
238.847,86.5945,1.41466
238.952,90.0341,1.41582
239.055,93.5892,1.41778
239.156,97.0445,1.42048
239.256,100.265,1.38098
239.356,103.234,1.32258
239.456,105.977,1.26481
239.556,108.533,1.21038
239.656,110.65,1.16263
239.756,112.045,1.12692
239.856,112.159,1.10522
239.96,110.288,1.09043
240.06,107.472,1.07707
240.161,102.755,1.06531
240.262,95.5241,1.05583
240.362,86.2893,1.04914
